Round,Company Name,Eligibility,Required Activity,Submitted Activity,Requested Commitment,Processed Activity,Commitment,Eligibility Next Round,Activity Rule
1,Huron Tel,300,270,300,965000,300,965000,300,0.9
1,NE&W SPC,3349,3015,3273,9925000,3273,9925000,3349,0.900268737
1,Rogers,57219,51498,57193,171949000,57193,171949000,57219,0.900015729
1,Indigitel,8,8,8,24000,8,24000,8,1
1,Brooke Telecom,40,36,40,126000,40,126000,40,0.9
1,Cooptel,144,130,134,402000,134,402000,144,0.902777778
1,Kingston Online,36,33,36,116000,36,116000,36,0.916666667
1,NWIC,24,22,22,70000,22,70000,24,0.916666667
1,Bruce Telecom,200,180,200,600000,200,600000,200,0.9
1,SaskTel,1040,936,1040,3015000,1040,3015000,1040,0.9
1,ABC Internet,72,65,66,234000,66,234000,72,0.902777778
1,Ecotel,126,114,114,297000,114,297000,126,0.904761905
1,MPVWIFI,6,6,6,19000,6,19000,6,1
1,Bragg,3829,3447,3824,11485000,3824,11485000,3829,0.900235048
1,Elite General,56252,50627,43630,130770000,43630,130770000,48477,0.900003555
1,TELUS,112604,101344,112604,338357000,112604,338357000,112604,0.900003552
1,City West,150,135,150,384000,150,384000,150,0.9
1,Tbaytel,239,216,236,677000,236,677000,239,0.90376569
1,Vidéotron,96983,87285,89205,268146000,89205,268146000,96983,0.900003093
1,Sogetel,1333,1200,1333,4026000,1333,4026000,1333,0.900225056
1,Novus,2110,1899,2110,6337000,2110,6337000,2110,0.9
1,Bell,73282,65954,71894,216092000,71894,216092000,73282,0.900002729
2,Huron Tel,300,270,300,1070000,300,1070000,300,0.9
2,NE&W SPC,3349,3015,3283,11019000,3343,11211000,3349,0.900268737
2,Rogers,57219,51498,57193,189537400,57193,179336100,57219,0.900015729
2,Indigitel,8,8,8,28000,8,24000,8,1
2,Brooke Telecom,40,36,40,140000,40,140000,40,0.9
2,Cooptel,144,130,134,445700,134,443700,144,0.902777778
2,Kingston Online,36,33,36,130800,36,130800,36,0.916666667
2,NWIC,24,22,22,78000,22,74000,24,0.916666667
2,Bruce Telecom,200,180,200,664000,200,664000,200,0.9
2,SaskTel,1040,936,1040,3335000,1040,3035000,1040,0.9
2,ABC Internet,72,65,66,248300,66,234000,72,0.902777778
2,Ecotel,126,114,114,331500,114,320800,126,0.904761905
2,MPVWIFI,6,6,5,18000,6,21000,6,1
2,Bragg,3829,3447,3053,10233200,3053,9744000,3392,0.900235048
2,Elite General,48477,43630,33520,110597000,43630,138449000,48477,0.90001444
2,TELUS,112604,101344,111828,370184600,111829,352832100,112604,0.900003552
2,City West,150,135,150,432400,150,403900,150,0.9
2,Tbaytel,239,216,236,750800,236,749000,239,0.90376569
2,Vidéotron,96983,87285,74216,245424700,79656,250423600,88506,0.900003093
2,Sogetel,1333,1200,1332,4450500,1332,4120500,1333,0.900225056
2,Novus,2110,1899,2110,6971000,2110,6337000,2110,0.9
2,Bell,73282,65954,71295,235955500,71307,223030800,73282,0.900002729
3,Huron Tel,300,270,300,1185000,300,1185000,300,0.9
3,NE&W SPC,3349,3015,3105,11507000,3285,11892000,3349,0.900268737
3,Rogers,57219,51498,57193,197638600,57193,180755700,57219,0.900015729
3,Indigitel,8,8,8,28000,8,24000,8,1
3,Brooke Telecom,40,36,40,154000,40,154000,40,0.9
3,Cooptel,144,130,134,494000,134,447000,144,0.902777778
3,Kingston Online,36,33,36,146000,36,146000,36,0.916666667
3,NWIC,24,22,22,84000,22,74000,24,0.916666667
3,Bruce Telecom,200,180,190,688000,190,688000,200,0.9
3,SaskTel,1040,936,1040,3360000,1040,3060000,1040,0.9
3,ABC Internet,72,65,66,254300,66,234000,72,0.902777778
3,Ecotel,126,114,112,353000,113,332700,125,0.904761905
3,MPVWIFI,6,6,0,0,1,3000,1,1
3,Bragg,3392,3053,3050,10787300,3050,9762900,3388,0.900058962
3,Elite General,48477,43630,27780,98152000,43630,139556000,48477,0.90001444
3,TELUS,112604,101344,111828,388654000,111829,354836500,112604,0.900003552
3,City West,150,135,150,455200,150,426700,150,0.9
3,Tbaytel,239,216,236,837800,236,836000,239,0.90376569
3,Vidéotron,88506,79656,74787,257857100,80267,253174000,88506,0.900006779
3,Sogetel,1333,1200,1332,4557000,1332,4203000,1333,0.900225056
3,Novus,2110,1899,2110,6971000,2110,6337000,2110,0.9
3,Bell,73282,65954,71428,246051400,71428,224556600,73282,0.900002729
4,Huron Tel,300,270,300,1310000,300,1310000,300,0.9
4,NE&W SPC,3349,3015,3180,12769000,3345,13038000,3349,0.900268737
4,Rogers,57219,51498,57193,199237100,57193,182240200,57219,0.900015729
4,Indigitel,8,8,8,28000,8,24000,8,1
4,Brooke Telecom,40,36,40,170000,40,170000,40,0.9
4,Cooptel,144,130,134,500000,134,453000,144,0.902777778
4,Kingston Online,36,33,36,161600,36,161600,36,0.916666667
4,NWIC,24,22,22,84000,22,74000,24,0.916666667
4,Bruce Telecom,200,180,190,759000,190,759000,200,0.9
4,SaskTel,1040,936,1040,3385000,1040,3085000,1040,0.9
4,ABC Internet,72,65,66,260300,66,234000,72,0.902777778
4,Ecotel,125,113,102,329000,103,307100,114,0.904
4,MPVWIFI,1,1,1,3300,1,3000,1,1
4,Bragg,3388,3050,3050,10816800,3050,9762900,3388,0.900236128
4,Elite General,48477,43630,27780,99409000,43630,140813000,48477,0.90001444
4,TELUS,112604,101344,111828,390914000,111829,356835700,112604,0.900003552
4,City West,150,135,150,480000,150,449700,150,0.9
4,Tbaytel,239,216,236,932800,236,931000,239,0.90376569
4,Vidéotron,88506,79656,74647,258268300,80127,253541200,88506,0.900006779
4,Sogetel,1333,1200,1222,4250000,1332,4280000,1333,0.900225056
4,Novus,2110,1899,2110,6971000,2110,6337000,2110,0.9
4,Bell,73282,65954,71428,247381600,71428,225737800,73282,0.900002729
5,Huron Tel,300,270,300,1445000,300,1445000,300,0.9
5,NE&W SPC,3349,3015,3151,13684000,3331,14016000,3349,0.900268737
5,Rogers,57219,51498,57193,200852100,57193,183805200,57219,0.900015729
5,Indigitel,8,8,8,28000,8,24000,8,1
5,Brooke Telecom,40,36,40,188000,40,188000,40,0.9
5,Cooptel,144,130,134,506000,134,459000,144,0.902777778
5,Kingston Online,36,33,36,184000,36,184000,36,0.916666667
5,NWIC,24,22,22,84000,22,74000,24,0.916666667
5,Bruce Telecom,200,180,190,838000,190,838000,200,0.9
5,SaskTel,1040,936,1040,3410000,1040,3100000,1040,0.9
5,ABC Internet,72,65,66,266300,66,234000,72,0.902777778
5,Ecotel,114,103,102,345000,103,323100,114,0.903508772
5,MPVWIFI,1,1,1,3300,1,3000,1,1
5,Bragg,3388,3050,3050,10816800,3050,9762900,3388,0.900236128
5,Elite General,48477,43630,27780,100773000,43630,142177000,48477,0.90001444
5,TELUS,112604,101344,111828,393112000,111829,358937700,112604,0.900003552
5,City West,150,135,150,504000,150,473700,150,0.9
5,Tbaytel,239,216,236,1032800,236,1031000,239,0.90376569
5,Vidéotron,88506,79656,74687,259320100,80127,254421000,88506,0.900006779
5,Sogetel,1333,1200,1212,4277000,1292,4191000,1333,0.900225056
5,Novus,2110,1899,2110,6971000,2110,6337000,2110,0.9
5,Bell,73282,65954,71428,248676200,71428,226978400,73282,0.900002729
6,Huron Tel,300,270,300,1600000,300,1600000,300,0.9
6,NE&W SPC,3349,3015,3131,14729000,3311,15033000,3349,0.900268737
6,Rogers,57219,51498,57193,202591100,57193,185502200,57219,0.900015729
6,Indigitel,8,8,8,28000,8,24000,8,1
6,Brooke Telecom,40,36,40,208000,40,208000,40,0.9
6,Cooptel,144,130,134,512000,134,465000,144,0.902777778
6,Kingston Online,36,33,36,208000,36,208000,36,0.916666667
6,NWIC,24,22,22,84000,22,74000,24,0.916666667
6,Bruce Telecom,200,180,190,928000,190,928000,200,0.9
6,SaskTel,1040,936,1040,3425000,1040,3115000,1040,0.9
6,ABC Internet,72,65,66,274300,66,234000,72,0.902777778
6,Ecotel,114,103,102,361000,103,339100,114,0.903508772
6,MPVWIFI,1,1,1,3300,1,3000,1,1
6,Bragg,3388,3050,3050,10816800,3050,9762900,3388,0.900236128
6,Elite General,48477,43630,27780,102290000,43630,143694000,48477,0.90001444
6,TELUS,112604,101344,111829,395457000,111829,361207700,112604,0.900003552
6,City West,150,135,150,532000,150,501700,150,0.9
6,Tbaytel,239,216,236,1145800,236,1144000,239,0.90376569
6,Vidéotron,88506,79656,74637,260003100,80077,255104000,88506,0.900006779
6,Sogetel,1333,1200,1212,4337000,1292,4251000,1333,0.900225056
6,Novus,2110,1899,2110,6971000,2110,6337000,2110,0.9
6,Bell,73282,65954,71428,250043200,71428,228310400,73282,0.900002729
7,Huron Tel,300,270,300,1770000,300,1770000,300,0.9
7,NE&W SPC,3349,3015,3131,15934000,3311,16266000,3349,0.900268737
7,Rogers,57219,51498,57193,204441100,57193,187364200,57219,0.900015729
7,Indigitel,8,8,8,28000,8,24000,8,1
7,Brooke Telecom,40,36,40,230000,40,230000,40,0.9
7,Cooptel,144,130,134,518000,134,516000,144,0.902777778
7,Kingston Online,36,33,36,232000,36,232000,36,0.916666667
7,NWIC,24,22,22,84000,22,74000,24,0.916666667
7,Bruce Telecom,200,180,190,1026000,190,1026000,200,0.9
7,SaskTel,1040,936,1040,3445000,1040,3135000,1040,0.9
7,ABC Internet,72,65,66,282300,66,234000,72,0.902777778
7,Ecotel,114,103,98,351800,99,329100,110,0.903508772
7,MPVWIFI,1,1,1,3300,1,3000,1,1
7,Bragg,3388,3050,3050,10816800,3050,9762900,3388,0.900236128
7,Elite General,48477,43630,27120,100554000,42970,141829000,47744,0.90001444
7,TELUS,112604,101344,111829,397914000,111829,363536700,112604,0.900003552
7,City West,150,135,149,445700,149,399700,150,0.9
7,Tbaytel,239,216,236,1263800,236,1262000,239,0.90376569
7,Vidéotron,88506,79656,74812,261751100,80252,256848000,88506,0.900006779
7,Sogetel,1333,1200,1212,4397000,1234,4140000,1333,0.900225056
7,Novus,2110,1899,2110,6971000,2110,6337000,2110,0.9
7,Bell,73282,65954,71790,253414200,71790,231577400,73282,0.900002729
8,Huron Tel,300,270,300,1955000,300,1955000,300,0.9
8,NE&W SPC,3349,3015,3131,17291000,3311,17623000,3349,0.900268737
8,Rogers,57219,51498,57193,206485100,57193,189399200,57219,0.900015729
8,Indigitel,8,8,8,28000,8,24000,8,1
8,Brooke Telecom,40,36,40,254000,40,254000,40,0.9
8,Cooptel,144,130,134,569000,134,567000,144,0.902777778
8,Kingston Online,36,33,36,260000,36,260000,36,0.916666667
8,NWIC,24,22,22,84000,22,74000,24,0.916666667
8,Bruce Telecom,200,180,190,1135000,190,1135000,200,0.9
8,SaskTel,1040,936,1040,3465000,1040,3155000,1040,0.9
8,ABC Internet,72,65,66,290300,66,234000,72,0.902777778
8,Ecotel,110,99,98,363800,99,341100,110,0.9
8,MPVWIFI,1,1,1,3300,1,3000,1,1
8,Bragg,3388,3050,3050,10816800,3050,9762900,3388,0.900236128
8,Elite General,47744,42970,27120,101893000,42970,143148000,47744,0.900008378
8,TELUS,112604,101344,111829,400456000,111829,366098700,112604,0.900003552
8,City West,150,135,149,449700,149,403700,150,0.9
8,Tbaytel,239,216,236,1404800,236,1403000,239,0.90376569
8,Vidéotron,88506,79656,74634,261887100,80074,257000000,88506,0.900006779
8,Sogetel,1333,1200,1242,4525000,1314,4448000,1333,0.900225056
8,Novus,2110,1899,2110,6971000,2110,6337000,2110,0.9
8,Bell,73282,65954,71425,252953200,71425,231112400,73282,0.900002729
9,Huron Tel,300,285,300,2155000,300,2155000,300,0.95
9,NE&W SPC,3349,3182,3156,18724000,3336,19056000,3349,0.950134368
9,Rogers,57219,54359,57193,208709100,57193,192045200,57219,0.950016603
9,Indigitel,8,8,8,28000,8,24000,8,1
9,Brooke Telecom,40,38,40,280000,40,280000,40,0.95
9,Cooptel,144,137,137,653000,137,653000,144,0.951388889
9,Kingston Online,36,35,34,269000,34,269000,35,0.972222222
9,NWIC,24,23,22,84000,22,78000,23,0.958333333
9,Bruce Telecom,200,190,160,1043000,160,1043000,168,0.95
9,SaskTel,1040,988,1040,3490000,1040,3180000,1040,0.95
9,ABC Internet,72,69,69,321300,69,255000,72,0.958333333
9,Ecotel,110,105,92,333800,93,311100,97,0.954545455
9,MPVWIFI,1,1,1,3300,1,3000,1,1
9,Bragg,3388,3219,3050,10816800,3050,9790900,3210,0.950118064
9,Elite General,47744,45357,28287,108032000,44137,149331000,46460,0.950004189
9,TELUS,112604,106974,111829,403292000,111829,369576700,112604,0.950001776
9,City West,150,143,149,454700,149,408700,150,0.953333333
9,Tbaytel,239,228,226,1421300,226,1419000,237,0.953974895
9,Vidéotron,88506,84081,77098,275989100,82538,271244000,86882,0.95000339
9,Sogetel,1333,1267,1268,4815000,1318,4728000,1333,0.950487622
9,Novus,2110,2005,2110,6971000,2110,6337000,2110,0.950236967
9,Bell,73282,69618,71425,254583200,71425,233034400,73282,0.950001365
10,Huron Tel,300,285,300,2375000,300,2325000,300,0.95
10,NE&W SPC,3349,3182,3156,20355000,3336,20687000,3349,0.950134368
10,Rogers,57219,54359,57193,211618100,57193,194864200,57219,0.950016603
10,Indigitel,8,8,8,28000,8,24000,8,1
10,Brooke Telecom,40,38,40,308000,40,308000,40,0.95
10,Cooptel,144,137,137,724000,137,724000,144,0.951388889
10,Kingston Online,35,34,32,278000,32,278000,33,0.971428571
10,NWIC,23,22,22,88000,22,82000,23,0.956521739
10,Bruce Telecom,168,160,160,1150000,160,1150000,168,0.952380952
10,SaskTel,1040,988,1010,3260000,1010,2950000,1040,0.95
10,ABC Internet,72,69,69,334300,69,258000,72,0.958333333
10,Ecotel,97,93,89,321800,90,299100,94,0.958762887
10,MPVWIFI,1,1,1,3300,1,3000,1,1
10,Bragg,3210,3050,3034,10773800,3034,9747900,3193,0.950155763
10,Elite General,46460,44137,28287,110171000,44137,151470000,46460,0.95
10,TELUS,112604,106974,111829,407090000,111829,373274700,112604,0.950001776
10,City West,150,143,149,459700,149,413700,150,0.953333333
10,Tbaytel,237,226,221,1453300,221,1448000,232,0.953586498
10,Vidéotron,86882,82538,76286,274897100,81726,270152000,86027,0.950001151
10,Sogetel,1333,1267,1268,5048000,1318,4961000,1333,0.950487622
10,Novus,2110,2005,2110,6971000,2110,6337000,2110,0.950236967
10,Bell,73282,69618,71425,256687200,71425,235088400,73282,0.950001365
11,Huron Tel,300,285,300,2560000,300,2510000,300,0.95
11,NE&W SPC,3349,3182,2912,20460000,3092,20792000,3254,0.950134368
11,Rogers,57219,54359,57188,214671100,57188,197383400,57219,0.950016603
11,Indigitel,8,8,8,28000,8,24000,8,1
11,Brooke Telecom,40,38,40,340000,40,340000,40,0.95
11,Cooptel,144,137,137,798000,137,798000,144,0.951388889
11,Kingston Online,33,32,30,284000,30,284000,31,0.96969697
11,NWIC,23,22,22,92000,22,86000,23,0.956521739
11,Bruce Telecom,168,160,130,1013000,130,1013000,136,0.952380952
11,SaskTel,1040,988,1010,3260000,1010,2950000,1040,0.95
11,ABC Internet,72,69,69,349300,69,261000,72,0.958333333
11,Ecotel,94,90,86,322400,90,299100,94,0.957446809
11,MPVWIFI,1,1,1,3300,1,3000,1,1
11,Bragg,3193,3034,3050,10876800,3050,9850900,3193,0.95020357
11,Elite General,46460,44137,28046,110600000,43896,151751400,46206,0.95
11,TELUS,112604,106974,111829,411154000,111829,376494300,112604,0.950001776
11,City West,150,143,149,465700,149,419700,150,0.953333333
11,Tbaytel,232,221,206,1411800,206,1405000,216,0.952586207
11,Vidéotron,86027,81726,76304,277765100,81744,272840400,86027,0.950004068
11,Sogetel,1333,1267,1302,5627000,1332,5434000,1333,0.950487622
11,Novus,2110,2005,2110,6971000,2110,6337000,2110,0.950236967
11,Bell,73282,69618,71425,258960200,71425,236898800,73282,0.950001365
12,Huron Tel,300,285,210,1933000,210,1883000,221,0.95
12,NE&W SPC,3254,3092,2647,19928000,2827,20260000,2975,0.95021512
12,Rogers,57219,54359,57188,217508100,57188,200168400,57219,0.950016603
12,Indigitel,8,8,8,28000,8,24000,8,1
12,Brooke Telecom,40,38,40,374000,40,374000,40,0.95
12,Cooptel,144,137,137,837000,137,882000,144,0.951388889
12,Kingston Online,31,30,28,288000,28,288000,29,0.967741935
12,NWIC,23,22,22,98000,22,92000,23,0.956521739
12,Bruce Telecom,136,130,130,1119000,130,1119000,136,0.955882353
12,SaskTel,1040,988,1010,3260000,1010,2950000,1040,0.95
12,ABC Internet,72,69,69,364300,69,264000,72,0.958333333
12,Ecotel,94,90,89,330800,90,299100,94,0.957446809
12,MPVWIFI,1,1,1,3300,1,3000,1,1
12,Bragg,3193,3034,3050,10912800,3050,9886900,3193,0.95020357
12,Elite General,46206,43896,28046,112848000,43896,153995400,46206,0.950006493
12,TELUS,112604,106974,111829,414722000,111829,380012300,112604,0.950001776
12,City West,150,143,149,471700,149,425700,150,0.953333333
12,Tbaytel,216,206,179,1253000,179,1245000,188,0.953703704
12,Vidéotron,86027,81726,76280,280543100,81720,275602400,86021,0.950004068
12,Sogetel,1333,1267,1276,5754000,1332,5680000,1333,0.950487622
12,Novus,2110,2005,2110,6971000,2110,6337000,2110,0.950236967
12,Bell,73282,69618,71425,260956200,71425,238866800,73282,0.950001365
13,Huron Tel,221,210,210,2074000,210,2024000,221,0.950226244
13,NE&W SPC,2975,2827,2432,19288000,2612,19620000,2749,0.950252101
13,Rogers,57219,54359,57193,220616100,57193,203373400,57219,0.950016603
13,Indigitel,8,8,8,28000,8,24000,8,1
13,Brooke Telecom,40,38,0,0,0,0,0,0.95
13,Cooptel,144,137,137,976000,137,976000,144,0.951388889
13,Kingston Online,29,28,28,320000,28,320000,29,0.965517241
13,NWIC,23,22,22,104000,22,98000,23,0.956521739
13,Bruce Telecom,136,130,130,1232000,130,1232000,136,0.955882353
13,SaskTel,1040,988,1010,3260000,1010,2950000,1040,0.95
13,ABC Internet,72,69,69,381300,69,267000,72,0.958333333
13,Ecotel,94,90,89,330800,90,299100,94,0.957446809
13,MPVWIFI,1,1,1,3300,1,3000,1,1
13,Bragg,3193,3034,2986,10560800,2986,9534900,3143,0.95020357
13,Elite General,46206,43896,27956,114754000,43806,155901400,46111,0.950006493
13,TELUS,112604,106974,111829,418581000,111829,383911300,112604,0.950001776
13,City West,150,143,144,412000,144,365700,150,0.953333333
13,Tbaytel,188,179,179,1373000,179,1365000,188,0.95212766
13,Vidéotron,86021,81720,76154,281713100,81594,276788400,85888,0.950000581
13,Sogetel,1333,1267,1081,5270000,1331,5822000,1333,0.950487622
13,Novus,2110,2005,2110,6971000,2110,6337000,2110,0.950236967
13,Bell,73282,69618,71787,266414200,71787,244346800,73282,0.950001365
14,Huron Tel,221,210,210,2231000,210,2181000,221,0.950226244
14,NE&W SPC,2749,2612,2402,20620000,2582,20952000,2717,0.950163696
14,Rogers,57219,54359,57193,224075100,57193,206766400,57219,0.950016603
14,Indigitel,8,8,8,28000,8,24000,8,1
14,Brooke Telecom,0,0,0,0,0,0,0,1
14,Cooptel,144,137,137,1140000,137,1118000,144,0.951388889
14,Kingston Online,29,28,28,352000,28,352000,29,0.965517241
14,NWIC,23,22,22,110000,22,104000,23,0.956521739
14,Bruce Telecom,136,130,100,1020000,100,1020000,105,0.955882353
14,SaskTel,1040,988,1010,3260000,1010,2950000,1040,0.95
14,ABC Internet,72,69,69,401300,69,271000,72,0.958333333
14,Ecotel,94,90,89,330800,90,299100,94,0.957446809
14,MPVWIFI,1,1,1,3300,1,3000,1,1
14,Bragg,3143,2986,2986,10560800,2986,9534900,3143,0.950047725
14,Elite General,46111,43806,27956,117385000,43806,158499400,46111,0.950011928
14,TELUS,112604,106974,111829,422856000,111829,388076300,112604,0.950001776
14,City West,150,143,144,412000,144,365700,150,0.953333333
14,Tbaytel,188,179,34,99000,34,90000,35,0.95212766
14,Vidéotron,85888,81594,76138,285082100,81598,280241400,85888,0.950004657
14,Sogetel,1333,1267,1171,5948000,1331,6147000,1333,0.950487622
14,Novus,2110,2005,2110,6971000,2110,6337000,2110,0.950236967
14,Bell,73282,69618,71787,269137200,71787,247069800,73282,0.950001365
15,Huron Tel,221,210,180,2032000,180,2032000,189,0.950226244
15,NE&W SPC,2717,2582,2295,20993000,2475,21325000,2605,0.950312845
15,Rogers,57219,54359,57193,227834100,57193,210487400,57219,0.950016603
15,Indigitel,8,8,8,28000,8,24000,8,1
15,Brooke Telecom,0,0,0,0,0,0,0,1
15,Cooptel,144,137,137,1163000,137,1213000,144,0.951388889
15,Kingston Online,29,28,0,0,0,0,0,0.965517241
15,NWIC,23,22,22,118000,22,112000,23,0.956521739
15,Bruce Telecom,105,100,100,1125000,100,1125000,105,0.952380952
15,SaskTel,1040,988,1010,3260000,1010,2950000,1040,0.95
15,ABC Internet,72,69,69,389100,69,242000,72,0.958333333
15,Ecotel,94,90,89,330800,90,299100,94,0.957446809
15,MPVWIFI,1,1,1,3300,1,3000,1,1
15,Bragg,3143,2986,2986,10560800,2986,9534900,3143,0.950047725
15,Elite General,46111,43806,27956,120282000,43806,161396400,46111,0.950011928
15,TELUS,112604,106974,111829,427465000,111829,392657300,112604,0.950001776
15,City West,150,143,144,412000,144,365700,150,0.953333333
15,Tbaytel,35,34,34,99000,34,90000,35,0.971428571
15,Vidéotron,85888,81594,76118,288352100,81558,283338400,85850,0.950004657
15,Sogetel,1333,1267,1071,6010000,1331,6508000,1333,0.950487622
15,Novus,2110,2005,2110,6971000,2110,6337000,2110,0.950236967
15,Bell,73282,69618,71787,272168200,71787,250051800,73282,0.950001365
16,Huron Tel,189,180,180,2240000,180,2240000,189,0.952380952
16,NE&W SPC,2605,2475,1965,18367000,2145,18699000,2257,0.950095969
16,Rogers,57219,54359,57193,231891100,57193,214580400,57219,0.950016603
16,Indigitel,8,8,8,28000,8,24000,8,1
16,Brooke Telecom,0,0,0,0,0,0,0,1
16,Cooptel,144,137,137,835000,137,835000,144,0.951388889
16,Kingston Online,0,0,0,0,0,0,0,1
16,NWIC,23,22,22,126000,22,120000,23,0.956521739
16,Bruce Telecom,105,100,100,1240000,100,1240000,105,0.952380952
16,SaskTel,1040,988,1010,3260000,1010,2950000,1040,0.95
16,ABC Internet,72,69,69,267200,69,242000,72,0.958333333
16,Ecotel,94,90,89,330800,90,299100,94,0.957446809
16,MPVWIFI,1,1,1,3300,1,3000,1,1
16,Bragg,3143,2986,2986,10560800,2986,9534900,3143,0.950047725
16,Elite General,46111,43806,27956,123439000,43806,164586400,46111,0.950011928
16,TELUS,112604,106974,111829,432463000,111829,397803300,112604,0.950001776
16,City West,150,143,144,412000,144,365700,150,0.953333333
16,Tbaytel,35,34,34,99000,34,90000,35,0.971428571
16,Vidéotron,85850,81558,75318,281720100,80758,276756400,85008,0.950005824
16,Sogetel,1333,1267,1041,6004000,1301,6608000,1333,0.950487622
16,Novus,2110,2005,2110,6971000,2110,6337000,2110,0.950236967
16,Bell,73282,69618,71779,275347200,71779,253214800,73282,0.950001365
17,Huron Tel,189,180,150,2015000,150,2015000,157,0.952380952
17,NE&W SPC,2257,2145,1945,19631000,2125,19935000,2236,0.950376606
17,Rogers,57219,54359,57193,236434100,57193,218939400,57219,0.950016603
17,Indigitel,8,8,8,28000,8,24000,8,1
17,Brooke Telecom,0,0,0,0,0,0,0,1
17,Cooptel,144,137,137,926000,137,890000,144,0.951388889
17,Kingston Online,0,0,0,0,0,0,0,1
17,NWIC,23,22,12,48000,12,42000,12,0.956521739
17,Bruce Telecom,105,100,100,1365000,100,1365000,105,0.952380952
17,SaskTel,1040,988,1010,3260000,1010,2950000,1040,0.95
17,ABC Internet,72,69,69,267200,69,242000,72,0.958333333
17,Ecotel,94,90,89,330800,90,299100,94,0.957446809
17,MPVWIFI,1,1,1,3300,1,3000,1,1
17,Bragg,3143,2986,2986,10560800,2986,9534900,3143,0.950047725
17,Elite General,46111,43806,27616,121999000,43466,162970400,45753,0.950011928
17,TELUS,112604,106974,111829,438162000,111829,403102300,112604,0.950001776
17,City West,150,143,144,412000,144,365700,150,0.953333333
17,Tbaytel,35,34,34,99000,34,90000,35,0.971428571
17,Vidéotron,85008,80758,75099,282912100,80539,277856400,84777,0.950004705
17,Sogetel,1333,1267,1041,6443000,1301,7047000,1333,0.950487622
17,Novus,2110,2005,2110,6971000,2110,6337000,2110,0.950236967
17,Bell,73282,69618,71779,278930200,71779,256713800,73282,0.950001365
18,Huron Tel,157,150,150,2220000,150,2220000,157,0.955414013
18,NE&W SPC,2236,2125,1918,20824000,2098,21128000,2208,0.950357782
18,Rogers,57219,54359,57188,241095100,57188,223408400,57219,0.950016603
18,Indigitel,8,8,8,28000,8,24000,8,1
18,Brooke Telecom,0,0,0,0,0,0,0,1
18,Cooptel,144,137,137,982000,137,946000,144,0.951388889
18,Kingston Online,0,0,0,0,0,0,0,1
18,NWIC,12,12,12,48000,12,42000,12,1
18,Bruce Telecom,105,100,100,1505000,100,1505000,105,0.952380952
18,SaskTel,1040,988,1010,3260000,1010,2950000,1040,0.95
18,ABC Internet,72,69,69,267200,69,242000,72,0.958333333
18,Ecotel,94,90,89,330800,90,299100,94,0.957446809
18,MPVWIFI,1,1,1,3300,1,3000,1,1
18,Bragg,3143,2986,2986,10560800,2986,9534900,3143,0.950047725
18,Elite General,45753,43466,27616,125166000,43466,166137400,45753,0.950014207
18,TELUS,112604,106974,111829,443954000,111829,408654300,112604,0.950001776
18,City West,150,143,144,412000,144,365700,150,0.953333333
18,Tbaytel,35,34,34,99000,34,90000,35,0.971428571
18,Vidéotron,84777,80539,74528,280721100,79968,275497400,84176,0.950010026
18,Sogetel,1333,1267,1066,7139000,1326,7743000,1333,0.950487622
18,Novus,2110,2005,2110,6971000,2110,6337000,2110,0.950236967
18,Bell,73282,69618,71779,282737200,71779,260520800,73282,0.950001365
19,Huron Tel,157,150,150,2450000,150,2450000,157,0.955414013
19,NE&W SPC,2208,2098,1821,20919000,2001,21169000,2106,0.950181159
19,Rogers,57219,54359,57188,246116100,57188,228005400,57219,0.950016603
19,Indigitel,8,8,8,28000,8,24000,8,1
19,Brooke Telecom,0,0,0,0,0,0,0,1
19,Cooptel,144,137,137,1045000,137,979000,144,0.951388889
19,Kingston Online,0,0,0,0,0,0,0,1
19,NWIC,12,12,12,48000,12,42000,12,1
19,Bruce Telecom,105,100,100,1660000,100,1660000,105,0.952380952
19,SaskTel,1040,988,1010,3260000,1010,2950000,1040,0.95
19,ABC Internet,72,69,69,267200,69,242000,72,0.958333333
19,Ecotel,94,90,89,330800,90,299100,94,0.957446809
19,MPVWIFI,1,1,1,3300,1,3000,1,1
19,Bragg,3143,2986,2986,10560800,2986,9534900,3143,0.950047725
19,Elite General,45753,43466,27466,127302000,43316,168031400,45595,0.950014207
19,TELUS,112604,106974,111829,450072000,111829,414032300,112604,0.950001776
19,City West,150,143,144,412000,144,365700,150,0.953333333
19,Tbaytel,35,34,34,99000,34,90000,35,0.971428571
19,Vidéotron,84176,79968,73841,271617100,79281,266262400,83453,0.950009504
19,Sogetel,1333,1267,1008,6471000,1268,7038000,1333,0.950487622
19,Novus,2110,2005,2110,6971000,2110,6337000,2110,0.950236967
19,Bell,73282,69618,71740,286280200,71740,263841800,73282,0.950001365
20,Huron Tel,157,150,130,2334000,130,2334000,136,0.955414013
20,NE&W SPC,2106,2001,1724,20746000,1904,20996000,2004,0.95014245
20,Rogers,57219,54359,57144,250185100,57144,231600400,57219,0.950016603
20,Indigitel,8,8,8,28000,8,24000,8,1
20,Brooke Telecom,0,0,0,0,0,0,0,1
20,Cooptel,144,137,137,1079000,137,1013000,144,0.951388889
20,Kingston Online,0,0,0,0,0,0,0,1
20,NWIC,12,12,12,48000,12,42000,12,1
20,Bruce Telecom,105,100,80,1464000,80,1464000,84,0.952380952
20,SaskTel,1040,988,1010,3260000,1010,2950000,1040,0.95
20,ABC Internet,72,69,69,267200,69,242000,72,0.958333333
20,Ecotel,94,90,89,330800,90,299100,94,0.957446809
20,MPVWIFI,1,1,1,3300,1,3000,1,1
20,Bragg,3143,2986,2986,10560800,2986,9534900,3143,0.950047725
20,Elite General,45595,43316,27466,130749000,43316,171178400,45595,0.950016449
20,TELUS,112604,106974,111829,456007000,111829,419441300,112604,0.950001776
20,City West,150,143,144,412000,144,365700,150,0.953333333
20,Tbaytel,35,34,34,99000,34,90000,35,0.971428571
20,Vidéotron,83453,79281,73831,273216100,79271,267761400,83443,0.950007789
20,Sogetel,1333,1267,932,6056000,1192,6623000,1254,0.950487622
20,Novus,2110,2005,2110,6971000,2110,6337000,2110,0.950236967
20,Bell,73282,69618,71740,290593200,71740,268124800,73282,0.950001365
21,Huron Tel,136,130,120,2380000,120,2380000,126,0.955882353
21,NE&W SPC,2004,1904,1594,19756000,1794,20465000,1888,0.9500998
21,Rogers,57219,54359,57144,255121100,57144,236624400,57219,0.950016603
21,Indigitel,8,8,8,28000,8,24000,8,1
21,Brooke Telecom,0,0,0,0,0,0,0,1
21,Cooptel,144,137,137,1117000,137,1051000,144,0.951388889
21,Kingston Online,0,0,0,0,0,0,0,1
21,NWIC,12,12,12,48000,12,42000,12,1
21,Bruce Telecom,84,80,80,1612000,80,1612000,84,0.952380952
21,SaskTel,1040,988,1010,3260000,1010,2950000,1040,0.95
21,ABC Internet,72,69,69,267200,69,242000,72,0.958333333
21,Ecotel,94,90,89,330800,90,299100,94,0.957446809
21,MPVWIFI,1,1,0,0,1,3000,1,1
21,Bragg,3143,2986,3050,11036800,3050,10010900,3143,0.950047725
21,Elite General,45595,43316,27466,134205000,43316,174602400,45595,0.950016449
21,TELUS,112604,106974,111829,461936000,111829,425404300,112604,0.950001776
21,City West,150,143,144,412000,144,365700,150,0.953333333
21,Tbaytel,35,34,34,99000,34,90000,35,0.971428571
21,Vidéotron,83443,79271,73631,270604100,79091,265636400,83253,0.950001798
21,Sogetel,1254,1192,934,6401000,1194,6968000,1254,0.950558214
21,Novus,2110,2005,2110,6971000,2110,6337000,2110,0.950236967
21,Bell,73282,69618,71727,295297200,71727,272831800,73282,0.950001365
22,Huron Tel,126,120,110,2412000,120,2624000,126,0.952380952
22,NE&W SPC,1888,1794,1534,20122000,1734,20766000,1825,0.950211864
22,Rogers,57219,54359,57144,260663100,57144,241741400,57219,0.950016603
22,Indigitel,8,8,8,28000,8,24000,8,1
22,Brooke Telecom,0,0,0,0,0,0,0,1
22,Cooptel,144,137,137,1331000,142,1164000,144,0.951388889
22,Kingston Online,0,0,0,0,0,0,0,1
22,NWIC,12,12,12,48000,12,42000,12,1
22,Bruce Telecom,84,80,80,1776000,80,1776000,84,0.952380952
22,SaskTel,1040,988,1010,3260000,1010,2950000,1040,0.95
22,ABC Internet,72,69,69,267200,69,242000,72,0.958333333
22,Ecotel,94,90,89,330800,90,299100,94,0.957446809
22,MPVWIFI,1,1,1,3300,1,3000,1,1
22,Bragg,3143,2986,3050,11088800,3050,10062900,3143,0.950047725
22,Elite General,45595,43316,27400,136296000,43250,176643400,45526,0.950016449
22,TELUS,112604,106974,111829,468530000,111829,431278300,112604,0.950001776
22,City West,150,143,144,412000,144,365700,150,0.953333333
22,Tbaytel,35,34,34,99000,34,90000,35,0.971428571
22,Vidéotron,83253,79091,73619,272338100,79059,266777400,83220,0.950007808
22,Sogetel,1254,1192,954,7106000,1214,7673000,1254,0.950558214
22,Novus,2110,2005,2110,6971000,2110,6337000,2110,0.950236967
22,Bell,73282,69618,71727,300496200,71727,277663800,73282,0.950001365
23,Huron Tel,126,120,60,1446000,80,1826000,84,0.952380952
23,NE&W SPC,1825,1734,1372,17549000,1619,19034000,1704,0.950136986
23,Rogers,57219,54359,57144,266271100,57144,247101400,57219,0.950016603
23,Indigitel,8,8,8,28000,8,24000,8,1
23,Brooke Telecom,0,0,0,0,0,0,0,1
23,Cooptel,144,137,137,1406000,142,1218000,144,0.951388889
23,Kingston Online,0,0,0,0,0,0,0,1
23,NWIC,12,12,12,48000,12,42000,12,1
23,Bruce Telecom,84,80,80,1956000,80,1956000,84,0.952380952
23,SaskTel,1040,988,1010,3260000,1010,2950000,1040,0.95
23,ABC Internet,72,69,69,267200,69,242000,72,0.958333333
23,Ecotel,94,90,89,330800,90,299100,94,0.957446809
23,MPVWIFI,1,1,1,3300,1,3000,1,1
23,Bragg,3143,2986,3018,10852800,3018,9826900,3143,0.950047725
23,Elite General,45526,43250,27400,140201000,43250,180548400,45526,0.95000659
23,TELUS,112604,106974,111829,474953000,111829,437449300,112604,0.950001776
23,City West,150,143,144,412000,144,365700,150,0.953333333
23,Tbaytel,35,34,34,99000,34,90000,35,0.971428571
23,Vidéotron,83220,79059,73932,280185100,79372,274624400,83220,0.95
23,Sogetel,1254,1192,930,7166000,1190,7733000,1252,0.950558214
23,Novus,2110,2005,2110,6971000,2110,6337000,2110,0.950236967
23,Bell,73282,69618,71720,305074200,71720,282131800,73282,0.950001365
24,Huron Tel,84,80,60,1544000,80,1826000,84,0.952380952
24,NE&W SPC,1704,1619,1372,18926000,1619,20215000,1704,0.950117371
24,Rogers,57219,54359,57144,272194100,57144,252172400,57219,0.950016603
24,Indigitel,8,8,8,28000,8,24000,8,1
24,Brooke Telecom,0,0,0,0,0,0,0,1
24,Cooptel,144,137,137,1490000,142,1278000,144,0.951388889
24,Kingston Online,0,0,0,0,0,0,0,1
24,NWIC,12,12,12,48000,12,42000,12,1
24,Bruce Telecom,84,80,80,2152000,80,1956000,84,0.952380952
24,SaskTel,1040,988,1010,3260000,1010,2950000,1040,0.95
24,ABC Internet,72,69,69,267200,69,242000,72,0.958333333
24,Ecotel,94,90,89,330800,90,299100,94,0.957446809
24,MPVWIFI,1,1,1,3300,1,3000,1,1
24,Bragg,3143,2986,3018,10884800,3018,9826900,3143,0.950047725
24,Elite General,45526,43250,26708,125136000,42558,165200400,44797,0.95000659
24,TELUS,112604,106974,111829,481769000,111829,442387300,112604,0.950001776
24,City West,150,143,144,412000,144,365700,150,0.953333333
24,Tbaytel,35,34,34,99000,34,90000,35,0.971428571
24,Vidéotron,83220,79059,73925,282166100,79365,276352400,83220,0.95
24,Sogetel,1252,1190,991,8701000,1251,9268000,1252,0.950479233
24,Novus,2110,2005,2110,6971000,2110,6337000,2110,0.950236967
24,Bell,73282,69618,71720,310723200,71720,287038800,73282,0.950001365
25,Huron Tel,84,80,60,1544000,80,1826000,84,0.952380952
25,NE&W SPC,1704,1619,1372,20226000,1619,21515000,1704,0.950117371
25,Rogers,57219,54359,57094,277128100,57094,256831400,57219,0.950016603
25,Indigitel,8,8,8,28000,8,24000,8,1
25,Brooke Telecom,0,0,0,0,0,0,0,1
25,Cooptel,144,137,137,1583000,142,1344000,144,0.951388889
25,Kingston Online,0,0,0,0,0,0,0,1
25,NWIC,12,12,12,48000,12,42000,12,1
25,Bruce Telecom,84,80,80,2152000,80,1956000,84,0.952380952
25,SaskTel,1040,988,1010,3260000,1010,2950000,1040,0.95
25,ABC Internet,72,69,69,267200,69,242000,72,0.958333333
25,Ecotel,94,90,89,330800,90,299100,94,0.957446809
25,MPVWIFI,1,1,1,3300,1,3000,1,1
25,Bragg,3143,2986,3018,10884800,3018,9826900,3143,0.950047725
25,Elite General,44797,42558,26708,127601000,42558,167658400,44797,0.950018974
25,TELUS,112604,106974,111829,487185000,111829,447805300,112604,0.950001776
25,City West,150,143,144,412000,144,365700,150,0.953333333
25,Tbaytel,35,34,34,99000,34,90000,35,0.971428571
25,Vidéotron,83220,79059,73686,278061100,79126,272242400,83220,0.95
25,Sogetel,1252,1190,923,7715000,1183,8282000,1245,0.950479233
25,Novus,2110,2005,2110,6971000,2110,6337000,2110,0.950236967
25,Bell,73282,69618,71609,312436200,71609,288676800,73282,0.950001365
26,Huron Tel,84,80,60,1544000,80,1826000,84,0.952380952
26,NE&W SPC,1704,1619,1372,21656000,1619,22945000,1704,0.950117371
26,Rogers,57219,54359,57075,282271100,57075,261665400,57219,0.950016603
26,Indigitel,8,8,8,28000,8,24000,8,1
26,Brooke Telecom,0,0,0,0,0,0,0,1
26,Cooptel,144,137,139,1342000,139,1276000,144,0.951388889
26,Kingston Online,0,0,0,0,0,0,0,1
26,NWIC,12,12,12,48000,12,42000,12,1
26,Bruce Telecom,84,80,80,2152000,80,1956000,84,0.952380952
26,SaskTel,1040,988,1010,3260000,1010,2950000,1040,0.95
26,ABC Internet,72,69,69,267200,69,242000,72,0.958333333
26,Ecotel,94,90,89,330800,90,299100,94,0.957446809
26,MPVWIFI,1,1,1,3300,1,3000,1,1
26,Bragg,3143,2986,3018,10884800,3018,9826900,3143,0.950047725
26,Elite General,44797,42558,26668,129080000,42518,169069400,44755,0.950018974
26,TELUS,112604,106974,111829,493147000,111829,453392300,112604,0.950001776
26,City West,150,143,144,412000,144,365700,150,0.953333333
26,Tbaytel,35,34,34,99000,34,90000,35,0.971428571
26,Vidéotron,83220,79059,73623,278550100,79063,272663400,83220,0.95
26,Sogetel,1245,1183,923,8268000,1183,8835000,1245,0.950200803
26,Novus,2110,2005,2110,6971000,2110,6337000,2110,0.950236967
26,Bell,73282,69618,71609,317915200,71609,293950800,73282,0.950001365
27,Huron Tel,84,80,60,1544000,80,1826000,84,0.952380952
27,NE&W SPC,1704,1619,1182,16457000,1519,20910000,1598,0.950117371
27,Rogers,57219,54359,57075,288192100,57075,267606400,57219,0.950016603
27,Indigitel,8,8,8,28000,8,24000,8,1
27,Brooke Telecom,0,0,0,0,0,0,0,1
27,Cooptel,144,137,139,1406000,139,1340000,144,0.951388889
27,Kingston Online,0,0,0,0,0,0,0,1
27,NWIC,12,12,12,48000,12,42000,12,1
27,Bruce Telecom,84,80,80,2152000,80,1956000,84,0.952380952
27,SaskTel,1040,988,1010,3260000,1010,2950000,1040,0.95
27,ABC Internet,72,69,69,267200,69,242000,72,0.958333333
27,Ecotel,94,90,0,0,90,299100,94,0.957446809
27,MPVWIFI,1,1,1,3300,1,3000,1,1
27,Bragg,3143,2986,3018,10884800,3018,9826900,3143,0.950047725
27,Elite General,44755,42518,26617,129465000,42467,169454400,44702,0.950016758
27,TELUS,112604,106974,111829,499295000,111829,459575300,112604,0.950001776
27,City West,150,143,144,412000,144,365700,150,0.953333333
27,Tbaytel,35,34,34,99000,34,90000,35,0.971428571
27,Vidéotron,83220,79059,73499,275999100,78939,270112400,83093,0.95
27,Sogetel,1245,1183,913,8043000,1173,8601000,1234,0.950200803
27,Novus,2110,2005,2110,6971000,2110,6337000,2110,0.950236967
27,Bell,73282,69618,71608,323411200,71608,299481800,73282,0.950001365
28,Huron Tel,84,80,60,1544000,80,1826000,84,0.952380952
28,NE&W SPC,1598,1519,1177,17257000,1514,21303000,1593,0.950563204
28,Rogers,57219,54359,57090,294777600,57090,272448400,57219,0.950016603
28,Indigitel,8,8,8,28000,8,24000,8,1
28,Brooke Telecom,0,0,0,0,0,0,0,1
28,Cooptel,144,137,138,1734000,138,1698000,144,0.951388889
28,Kingston Online,0,0,0,0,0,0,0,1
28,NWIC,12,12,12,48000,12,42000,12,1
28,Bruce Telecom,84,80,80,2152000,80,1956000,84,0.952380952
28,SaskTel,1040,988,1040,3515000,1040,3205000,1040,0.95
28,ABC Internet,72,69,69,267200,69,242000,72,0.958333333
28,Ecotel,94,90,89,330800,90,299100,94,0.957446809
28,MPVWIFI,1,1,1,3300,1,3000,1,1
28,Bragg,3143,2986,3018,10884800,3018,9826900,3143,0.950047725
28,Elite General,44702,42467,26617,132276000,42467,170770400,44702,0.950002237
28,TELUS,112604,106974,111829,506087000,111829,463655300,112604,0.950001776
28,City West,150,143,144,412000,144,365700,150,0.953333333
28,Tbaytel,35,34,34,99000,34,90000,35,0.971428571
28,Vidéotron,83093,78939,73694,278374100,79134,271716400,83093,0.950007823
28,Sogetel,1234,1173,913,8613000,1173,9191000,1234,0.950567261
28,Novus,2110,2005,2110,6971000,2110,6337000,2110,0.950236967
28,Bell,73282,69618,71608,329799200,71608,303335800,73282,0.950001365
29,Huron Tel,84,80,60,1544000,80,1826000,84,0.952380952
29,NE&W SPC,1593,1514,1139,16321000,1476,20367000,1553,0.950408035
29,Rogers,57219,54359,57090,300056600,57090,277697400,57219,0.950016603
29,Indigitel,8,8,8,28000,8,24000,8,1
29,Brooke Telecom,0,0,0,0,0,0,0,1
29,Cooptel,144,137,138,1869000,138,1833000,144,0.951388889
29,Kingston Online,0,0,0,0,0,0,0,1
29,NWIC,12,12,12,48000,12,42000,12,1
29,Bruce Telecom,84,80,80,2152000,80,1956000,84,0.952380952
29,SaskTel,1040,988,1040,3545000,1040,3235000,1040,0.95
29,ABC Internet,72,69,72,276000,72,250000,72,0.958333333
29,Ecotel,94,90,89,330800,90,299100,94,0.957446809
29,MPVWIFI,1,1,1,3300,1,3000,1,1
29,Bragg,3143,2986,3018,10884800,3018,9826900,3143,0.950047725
29,Elite General,44702,42467,26465,127597000,42315,166139400,44542,0.950002237
29,TELUS,112604,106974,111829,510567000,111829,468085300,112604,0.950001776
29,City West,150,143,144,412000,144,365700,150,0.953333333
29,Tbaytel,35,34,34,99000,34,90000,35,0.971428571
29,Vidéotron,83093,78939,73569,278420100,79014,271847400,83093,0.950007823
29,Sogetel,1234,1173,932,8580000,1192,9145000,1234,0.950567261
29,Novus,2110,2005,2110,6971000,2110,6337000,2110,0.950236967
29,Bell,73282,69618,71608,334034200,71608,307545800,73282,0.950001365
30,Huron Tel,84,80,60,1544000,80,1826000,84,0.952380952
30,NE&W SPC,1553,1476,1139,16911000,1476,20957000,1553,0.950418545
30,Rogers,57219,54359,57125,305949600,57125,283647400,57219,0.950016603
30,Indigitel,8,8,8,28000,8,24000,8,1
30,Brooke Telecom,0,0,0,0,0,0,0,1
30,Cooptel,144,137,129,1401000,129,1401000,135,0.951388889
30,Kingston Online,0,0,0,0,0,0,0,1
30,NWIC,12,12,12,48000,12,42000,12,1
30,Bruce Telecom,84,80,80,2152000,80,1956000,84,0.952380952
30,SaskTel,1040,988,1040,3575000,1040,3265000,1040,0.95
30,ABC Internet,72,69,72,276000,72,250000,72,0.958333333
30,Ecotel,94,90,89,330800,90,299100,94,0.957446809
30,MPVWIFI,1,1,1,3300,1,3000,1,1
30,Bragg,3143,2986,3018,10884800,3018,9826900,3143,0.950047725
30,Elite General,44542,42315,26465,128627000,42315,167205400,44542,0.950002245
30,TELUS,112604,106974,111824,515146000,111824,472784300,112604,0.950001776
30,City West,150,143,144,412000,144,365700,150,0.953333333
30,Tbaytel,35,34,34,99000,34,90000,35,0.971428571
30,Vidéotron,83093,78939,73566,279001100,79006,272324400,83093,0.950007823
30,Sogetel,1234,1173,916,8699000,1176,9264000,1234,0.950567261
30,Novus,2110,2005,2110,6971000,2110,6337000,2110,0.950236967
30,Bell,73282,69618,71708,339317200,71708,312828800,73282,0.950001365
31,Huron Tel,84,80,60,1544000,80,1826000,84,0.952380952
31,NE&W SPC,1553,1476,1127,16946000,1464,20868000,1541,0.950418545
31,Rogers,57219,54359,57105,310713600,57105,288256400,57219,0.950016603
31,Indigitel,8,8,8,28000,8,24000,8,1
31,Brooke Telecom,0,0,0,0,0,0,0,1
31,Cooptel,135,129,129,1545000,129,1545000,135,0.955555556
31,Kingston Online,0,0,0,0,0,0,0,1
31,NWIC,12,12,12,48000,12,42000,12,1
31,Bruce Telecom,84,80,80,2152000,80,1956000,84,0.952380952
31,SaskTel,1040,988,1040,3610000,1040,3300000,1040,0.95
31,ABC Internet,72,69,72,276000,72,250000,72,0.958333333
31,Ecotel,94,90,89,330800,90,299100,94,0.957446809
31,MPVWIFI,1,1,1,3300,1,3000,1,1
31,Bragg,3143,2986,3018,10884800,3018,9826900,3143,0.950047725
31,Elite General,44542,42315,26465,129795000,42315,168373400,44542,0.950002245
31,TELUS,112604,106974,111806,519148000,111808,476694300,112604,0.950001776
31,City West,150,143,144,412000,144,365700,150,0.953333333
31,Tbaytel,35,34,34,99000,34,90000,35,0.971428571
31,Vidéotron,83093,78939,73526,277994100,78966,271286400,83093,0.950007823
31,Sogetel,1234,1173,916,8230000,1176,8795000,1234,0.950567261
31,Novus,2110,2005,2110,6971000,2110,6337000,2110,0.950236967
31,Bell,73282,69618,71708,344477200,71708,317802800,73282,0.950001365
32,Huron Tel,84,80,60,1544000,80,1826000,84,0.952380952
32,NE&W SPC,1541,1464,1079,14843000,1464,20884000,1541,0.950032446
32,Rogers,57219,54359,57105,317444600,57105,292851400,57219,0.950016603
32,Indigitel,8,8,8,28000,8,24000,8,1
32,Brooke Telecom,0,0,0,0,0,0,0,1
32,Cooptel,135,129,129,2019000,129,1950000,135,0.955555556
32,Kingston Online,0,0,0,0,0,0,0,1
32,NWIC,12,12,12,48000,12,42000,12,1
32,Bruce Telecom,84,80,80,2152000,80,1956000,84,0.952380952
32,SaskTel,1040,988,1040,3645000,1040,3335000,1040,0.95
32,ABC Internet,72,69,72,276000,72,250000,72,0.958333333
32,Ecotel,94,90,89,330800,90,299100,94,0.957446809
32,MPVWIFI,1,1,1,3300,1,3000,1,1
32,Bragg,3143,2986,3018,10884800,3018,9826900,3143,0.950047725
32,Elite General,44542,42315,26432,129598000,42286,167959400,44511,0.950002245
32,TELUS,112604,106974,111752,521838000,111752,476620300,112604,0.950001776
32,City West,150,143,144,412000,144,365700,150,0.953333333
32,Tbaytel,35,34,34,99000,34,90000,35,0.971428571
32,Vidéotron,83093,78939,73526,278809100,78966,271849400,83093,0.950007823
32,Sogetel,1234,1173,918,8375000,1178,8917000,1234,0.950567261
32,Novus,2110,2005,2110,6971000,2110,6337000,2110,0.950236967
32,Bell,73282,69618,71689,345811200,71689,317457800,73282,0.950001365
33,Huron Tel,84,80,60,1544000,80,1826000,84,0.952380952
33,NE&W SPC,1541,1464,1147,18416000,1484,21822000,1541,0.950032446
33,Rogers,57219,54359,57105,322514600,57105,298131400,57219,0.950016603
33,Indigitel,8,8,8,28000,8,24000,8,1
33,Brooke Telecom,0,0,0,0,0,0,0,1
33,Cooptel,135,129,129,2151000,129,2082000,135,0.955555556
33,Kingston Online,0,0,0,0,0,0,0,1
33,NWIC,12,12,12,48000,12,42000,12,1
33,Bruce Telecom,84,80,80,2152000,80,1956000,84,0.952380952
33,SaskTel,1040,988,1040,3685000,1040,3375000,1040,0.95
33,ABC Internet,72,69,72,276000,72,250000,72,0.958333333
33,Ecotel,94,90,89,330800,90,299100,94,0.957446809
33,MPVWIFI,1,1,1,3300,1,3000,1,1
33,Bragg,3143,2986,3018,10884800,3018,9826900,3143,0.950047725
33,Elite General,44511,42286,26432,130216000,42286,168690400,44511,0.950012356
33,TELUS,112604,106974,111752,524850000,111752,479994300,112604,0.950001776
33,City West,150,143,144,412000,144,365700,150,0.953333333
33,Tbaytel,35,34,34,99000,34,90000,35,0.971428571
33,Vidéotron,83093,78939,73446,278396100,78886,271467400,83037,0.950007823
33,Sogetel,1234,1173,910,8625000,1170,9167000,1231,0.950567261
33,Novus,2110,2005,2110,6971000,2110,6337000,2110,0.950236967
33,Bell,73282,69618,71729,349932200,71729,321753800,73282,0.950001365
34,Huron Tel,84,80,60,1544000,80,1826000,84,0.952380952
34,NE&W SPC,1541,1464,1147,18510000,1484,21916000,1541,0.950032446
34,Rogers,57219,54359,57125,330520600,57125,306862400,57219,0.950016603
34,Indigitel,8,8,8,28000,8,24000,8,1
34,Brooke Telecom,0,0,0,0,0,0,0,1
34,Cooptel,135,129,129,2292000,129,2223000,135,0.955555556
34,Kingston Online,0,0,0,0,0,0,0,1
34,NWIC,12,12,12,48000,12,42000,12,1
34,Bruce Telecom,84,80,80,2152000,80,1956000,84,0.952380952
34,SaskTel,1040,988,1040,3730000,1040,3420000,1040,0.95
34,ABC Internet,72,69,72,276000,72,250000,72,0.958333333
34,Ecotel,94,90,89,330800,90,299100,94,0.957446809
34,MPVWIFI,1,1,1,3300,1,3000,1,1
34,Bragg,3143,2986,3018,10884800,3018,9826900,3143,0.950047725
34,Elite General,44511,42286,26432,131019000,42286,169493400,44511,0.950012356
34,TELUS,112604,106974,111752,528539000,111752,483683300,112604,0.950001776
34,City West,150,143,144,412000,144,365700,150,0.953333333
34,Tbaytel,35,34,34,99000,34,90000,35,0.971428571
34,Vidéotron,83037,78886,73446,279006100,78886,272077400,83037,0.950010236
34,Sogetel,1231,1170,833,5792000,1093,6334000,1150,0.950446791
34,Novus,2110,2005,2110,6971000,2110,6337000,2110,0.950236967
34,Bell,73282,69618,71953,363038200,71953,334859800,73282,0.950001365
35,Huron Tel,84,80,60,1544000,80,1826000,84,0.952380952
35,NE&W SPC,1541,1464,1127,17478000,1464,20884000,1541,0.950032446
35,Rogers,57219,54359,57061,333196600,57061,307461400,57219,0.950016603
35,Indigitel,8,8,8,28000,8,24000,8,1
35,Brooke Telecom,0,0,0,0,0,0,0,1
35,Cooptel,135,129,109,2232000,109,2163000,114,0.955555556
35,Kingston Online,0,0,0,0,0,0,0,1
35,NWIC,12,12,12,48000,12,42000,12,1
35,Bruce Telecom,84,80,80,2152000,80,1956000,84,0.952380952
35,SaskTel,1040,988,1040,3780000,1040,3470000,1040,0.95
35,ABC Internet,72,69,72,276000,72,250000,72,0.958333333
35,Ecotel,94,90,89,330800,90,299100,94,0.957446809
35,MPVWIFI,1,1,1,3300,1,3000,1,1
35,Bragg,3143,2986,3018,10884800,3018,9826900,3143,0.950047725
35,Elite General,44511,42286,26422,131389000,42276,169863400,44501,0.950012356
35,TELUS,112604,106974,111752,532605000,111752,487716300,112604,0.950001776
35,City West,150,143,144,412000,144,365700,150,0.953333333
35,Tbaytel,35,34,34,99000,34,90000,35,0.971428571
35,Vidéotron,83037,78886,73446,279678100,78886,272749400,83037,0.950010236
35,Sogetel,1150,1093,821,5494000,1081,6036000,1137,0.950434783
35,Novus,2110,2005,2110,6971000,2110,6337000,2110,0.950236967
35,Bell,73282,69618,71641,342522200,71641,314248800,73282,0.950001365
36,Huron Tel,84,80,60,1544000,80,1826000,84,0.952380952
36,NE&W SPC,1541,1464,1127,17478000,1464,20884000,1541,0.950032446
36,Rogers,57219,54359,57029,334943500,57035,309066400,57219,0.950016603
36,Indigitel,8,8,8,28000,8,24000,8,1
36,Brooke Telecom,0,0,0,0,0,0,0,1
36,Cooptel,114,109,109,2381000,109,2312000,114,0.956140351
36,Kingston Online,0,0,0,0,0,0,0,1
36,NWIC,12,12,12,48000,12,42000,12,1
36,Bruce Telecom,84,80,80,2152000,80,1956000,84,0.952380952
36,SaskTel,1040,988,1040,3835000,1040,3525000,1040,0.95
36,ABC Internet,72,69,72,276000,72,250000,72,0.958333333
36,Ecotel,94,90,89,330800,90,299100,94,0.957446809
36,MPVWIFI,1,1,1,3300,1,3000,1,1
36,Bragg,3143,2986,3018,10884800,3018,9826900,3143,0.950047725
36,Elite General,44501,42276,26422,132310000,42276,170613400,44501,0.950001124
36,TELUS,112604,106974,111702,534337000,111702,488689300,112604,0.950001776
36,City West,150,143,144,412000,144,365700,150,0.953333333
36,Tbaytel,35,34,34,99000,34,90000,35,0.971428571
36,Vidéotron,83037,78886,73426,280033100,78866,273054400,83016,0.950010236
36,Sogetel,1137,1081,821,5784000,1081,6326000,1137,0.950747581
36,Novus,2110,2005,2110,6971000,2110,6337000,2110,0.950236967
36,Bell,73282,69618,71669,346489200,71669,317604800,73282,0.950001365
37,Huron Tel,84,80,60,1544000,80,1826000,84,0.952380952
37,NE&W SPC,1541,1464,1127,17478000,1464,20884000,1541,0.950032446
37,Rogers,57219,54359,57029,339717500,57035,313150400,57219,0.950016603
37,Indigitel,8,8,8,28000,8,24000,8,1
37,Brooke Telecom,0,0,0,0,0,0,0,1
37,Cooptel,114,109,109,2546000,109,2477000,114,0.956140351
37,Kingston Online,0,0,0,0,0,0,0,1
37,NWIC,12,12,12,48000,12,42000,12,1
37,Bruce Telecom,84,80,80,2152000,80,1956000,84,0.952380952
37,SaskTel,1040,988,1040,3895000,1040,3585000,1040,0.95
37,ABC Internet,72,69,72,276000,72,250000,72,0.958333333
37,Ecotel,94,90,89,330800,90,299100,94,0.957446809
37,MPVWIFI,1,1,1,3300,1,3000,1,1
37,Bragg,3143,2986,3018,10884800,3018,9826900,3143,0.950047725
37,Elite General,44501,42276,27852,132883000,43706,170475400,44501,0.950001124
37,TELUS,112604,106974,111702,538108000,111702,491785300,112604,0.950001776
37,City West,150,143,144,412000,144,365700,150,0.953333333
37,Tbaytel,35,34,34,99000,34,90000,35,0.971428571
37,Vidéotron,83016,78866,73410,279844100,78850,272526400,83000,0.950009637
37,Sogetel,1137,1081,701,4529000,951,4914000,1001,0.950747581
37,Novus,2110,2005,2110,6971000,2110,6337000,2110,0.950236967
37,Bell,73282,69618,71698,350181400,71698,320527800,73282,0.950001365
38,Huron Tel,84,80,60,1544000,80,1826000,84,0.952380952
38,NE&W SPC,1541,1464,1127,17478000,1464,20884000,1541,0.950032446
38,Rogers,57219,54359,57093,350503500,57099,324206400,57219,0.950016603
38,Indigitel,8,8,8,28000,8,24000,8,1
38,Brooke Telecom,0,0,0,0,0,0,0,1
38,Cooptel,114,109,89,2618000,89,2549000,93,0.956140351
38,Kingston Online,0,0,0,0,0,0,0,1
38,NWIC,12,12,12,48000,12,42000,12,1
38,Bruce Telecom,84,80,80,2152000,80,1956000,84,0.952380952
38,SaskTel,1040,988,1040,3960000,1040,3650000,1040,0.95
38,ABC Internet,72,69,72,276000,72,250000,72,0.958333333
38,Ecotel,94,90,89,330800,90,299100,94,0.957446809
38,MPVWIFI,1,1,1,3300,1,3000,1,1
38,Bragg,3143,2986,3018,10884800,3018,9826900,3143,0.950047725
38,Elite General,44501,42276,27852,132985000,43706,170877400,44501,0.950001124
38,TELUS,112604,106974,111682,539255000,111682,493384300,112604,0.950001776
38,City West,150,143,144,412000,144,365700,150,0.953333333
38,Tbaytel,35,34,34,99000,34,90000,35,0.971428571
38,Vidéotron,83000,78850,73370,279977100,78810,272759400,82957,0.95
38,Sogetel,1001,951,701,4587000,901,4809000,948,0.95004995
38,Novus,2110,2005,2110,6971000,2110,6337000,2110,0.950236967
38,Bell,73282,69618,71988,355308400,71988,325565800,73282,0.950001365
39,Huron Tel,84,80,60,1544000,80,1826000,84,0.952380952
39,NE&W SPC,1541,1464,1127,17478000,1464,20884000,1541,0.950032446
39,Rogers,57219,54359,57035,349466000,57041,323063400,57219,0.950016603
39,Indigitel,8,8,8,28000,8,24000,8,1
39,Brooke Telecom,0,0,0,0,0,0,0,1
39,Cooptel,93,89,69,2292000,69,2223000,72,0.956989247
39,Kingston Online,0,0,0,0,0,0,0,1
39,NWIC,12,12,12,48000,12,42000,12,1
39,Bruce Telecom,84,80,80,2152000,80,1956000,84,0.952380952
39,SaskTel,1040,988,1040,4030000,1040,3720000,1040,0.95
39,ABC Internet,72,69,72,276000,72,250000,72,0.958333333
39,Ecotel,94,90,89,330800,90,299100,94,0.957446809
39,MPVWIFI,1,1,1,3300,1,3000,1,1
39,Bragg,3143,2986,3018,10884800,3018,9826900,3143,0.950047725
39,Elite General,44501,42276,27852,133428000,43706,171294400,44501,0.950001124
39,TELUS,112604,106974,111675,542369000,111675,496262300,112604,0.950001776
39,City West,150,143,144,412000,144,365700,150,0.953333333
39,Tbaytel,35,34,34,99000,34,90000,35,0.971428571
39,Vidéotron,82957,78810,73730,284035100,79170,276748400,82957,0.950010246
39,Sogetel,948,901,681,4332000,881,4571000,927,0.950421941
39,Novus,2110,2005,2110,6971000,2110,6337000,2110,0.950236967
39,Bell,73282,69618,72248,359803400,72248,329853800,73282,0.950001365
40,Huron Tel,84,80,60,1544000,80,1826000,84,0.952380952
40,NE&W SPC,1541,1464,1127,17478000,1464,20884000,1541,0.950032446
40,Rogers,57219,54359,57099,362729000,57099,338449400,57219,0.950016603
40,Indigitel,8,8,8,28000,8,24000,8,1
40,Brooke Telecom,0,0,0,0,0,0,0,1
40,Cooptel,72,69,69,2448000,69,2379000,72,0.958333333
40,Kingston Online,0,0,0,0,0,0,0,1
40,NWIC,12,12,12,48000,12,42000,12,1
40,Bruce Telecom,84,80,80,2152000,80,1956000,84,0.952380952
40,SaskTel,1040,988,1040,4110000,1040,3800000,1040,0.95
40,ABC Internet,72,69,72,276000,72,250000,72,0.958333333
40,Ecotel,94,90,89,330800,90,299100,94,0.957446809
40,MPVWIFI,1,1,1,3300,1,3000,1,1
40,Bragg,3143,2986,3018,10884800,3018,9826900,3143,0.950047725
40,Elite General,44501,42276,27852,133890000,43706,171756400,44501,0.950001124
40,TELUS,112604,106974,111675,546431000,111675,500477300,112604,0.950001776
40,City West,150,143,144,412000,144,365700,150,0.953333333
40,Tbaytel,35,34,34,99000,34,90000,35,0.971428571
40,Vidéotron,82957,78810,73730,284815100,79170,277528400,82957,0.950010246
40,Sogetel,927,881,681,4386000,881,4625000,927,0.950377562
40,Novus,2110,2005,2110,6971000,2110,6337000,2110,0.950236967
40,Bell,73282,69618,72838,394249400,72838,364725800,73282,0.950001365
41,Huron Tel,84,80,60,1544000,80,1826000,84,0.952380952
41,NE&W SPC,1541,1464,1127,17478000,1464,20884000,1541,0.950032446
41,Rogers,57219,54359,57099,372652000,57099,345604400,57219,0.950016603
41,Indigitel,8,8,8,28000,8,24000,8,1
41,Brooke Telecom,0,0,0,0,0,0,0,1
41,Cooptel,72,69,69,1704000,69,1635000,72,0.958333333
41,Kingston Online,0,0,0,0,0,0,0,1
41,NWIC,12,12,12,48000,12,42000,12,1
41,Bruce Telecom,84,80,80,2152000,80,1956000,84,0.952380952
41,SaskTel,1040,988,1040,4195000,1040,3885000,1040,0.95
41,ABC Internet,72,69,72,276000,72,250000,72,0.958333333
41,Ecotel,94,90,89,330800,90,299100,94,0.957446809
41,MPVWIFI,1,1,1,3300,1,3000,1,1
41,Bragg,3143,2986,3018,10884800,3018,9826900,3143,0.950047725
41,Elite General,44501,42276,27852,134397000,43706,172263400,44501,0.950001124
41,TELUS,112604,106974,111661,549255600,111675,505239300,112604,0.950001776
41,City West,150,143,149,427400,149,379700,150,0.953333333
41,Tbaytel,35,34,34,99000,34,90000,35,0.971428571
41,Vidéotron,82957,78810,73730,285672100,79170,278501400,82957,0.950010246
41,Sogetel,927,881,681,4446000,881,4714000,927,0.950377562
41,Novus,2110,2005,0,0,2110,6337000,2110,0.950236967
41,Bell,73282,69618,72432,364946400,72438,335658800,73282,0.950001365
42,Huron Tel,84,80,60,1544000,80,1826000,84,0.952380952
42,NE&W SPC,1541,1464,1127,17478000,1464,20884000,1541,0.950032446
42,Rogers,57219,54359,56981,362582000,56981,335384400,57219,0.950016603
42,Indigitel,8,8,8,28000,8,24000,8,1
42,Brooke Telecom,0,0,0,0,0,0,0,1
42,Cooptel,72,69,69,1800000,69,1731000,72,0.958333333
42,Kingston Online,0,0,0,0,0,0,0,1
42,NWIC,12,12,12,48000,12,42000,12,1
42,Bruce Telecom,84,80,80,2152000,80,1956000,84,0.952380952
42,SaskTel,1040,988,1040,4290000,1040,3980000,1040,0.95
42,ABC Internet,72,69,72,276000,72,250000,72,0.958333333
42,Ecotel,94,90,89,330800,90,299100,94,0.957446809
42,MPVWIFI,1,1,1,3300,1,3000,1,1
42,Bragg,3143,2986,3018,10884800,3018,9826900,3143,0.950047725
42,Elite General,44501,42276,27852,134949000,43706,172815400,44501,0.950001124
42,TELUS,112604,106974,111647,551020000,111650,506254300,112604,0.950001776
42,City West,150,143,149,427400,149,379700,150,0.953333333
42,Tbaytel,35,34,34,99000,34,90000,35,0.971428571
42,Vidéotron,82957,78810,73730,286737100,79170,279566400,82957,0.950010246
42,Sogetel,927,881,681,4544000,881,4812000,927,0.950377562
42,Novus,2110,2005,2110,6971000,2110,6337000,2110,0.950236967
42,Bell,73282,69618,72438,369580400,72438,339513800,73282,0.950001365
43,Huron Tel,84,80,60,1544000,80,1826000,84,0.952380952
43,NE&W SPC,1541,1464,1127,17478000,1464,20884000,1541,0.950032446
43,Rogers,57219,54359,57099,388813000,57099,360721400,57219,0.950016603
43,Indigitel,8,8,8,28000,8,24000,8,1
43,Brooke Telecom,0,0,0,0,0,0,0,1
43,Cooptel,72,69,69,1905000,69,1836000,72,0.958333333
43,Kingston Online,0,0,0,0,0,0,0,1
43,NWIC,12,12,12,48000,12,42000,12,1
43,Bruce Telecom,84,80,80,2152000,80,1956000,84,0.952380952
43,SaskTel,1040,988,1040,4395000,1040,4085000,1040,0.95
43,ABC Internet,72,69,72,276000,72,250000,72,0.958333333
43,Ecotel,94,90,89,330800,90,299100,94,0.957446809
43,MPVWIFI,1,1,1,3300,1,3000,1,1
43,Bragg,3143,2986,3018,10884800,3018,9826900,3143,0.950047725
43,Elite General,44501,42276,27852,135561000,43706,173427400,44501,0.950001124
43,TELUS,112604,106974,111639,554698000,111642,509268300,112604,0.950001776
43,City West,150,143,149,427400,149,379700,150,0.953333333
43,Tbaytel,35,34,34,99000,34,90000,35,0.971428571
43,Vidéotron,82957,78810,73730,287912100,79170,280741400,82957,0.950010246
43,Sogetel,927,881,681,4651000,881,4919000,927,0.950377562
43,Novus,2110,2005,2110,6971000,2110,6337000,2110,0.950236967
43,Bell,73282,69618,72438,373822400,72438,343908800,73282,0.950001365
44,Huron Tel,84,80,60,1544000,80,1826000,84,0.952380952
44,NE&W SPC,1541,1464,1127,17478000,1464,20884000,1541,0.950032446
44,Rogers,57219,54359,56971,375403000,56971,348342400,57219,0.950016603
44,Indigitel,8,8,8,28000,8,24000,8,1
44,Brooke Telecom,0,0,0,0,0,0,0,1
44,Cooptel,72,69,69,2022000,69,1953000,72,0.958333333
44,Kingston Online,0,0,0,0,0,0,0,1
44,NWIC,12,12,12,48000,12,42000,12,1
44,Bruce Telecom,84,80,80,2152000,80,1956000,84,0.952380952
44,SaskTel,1040,988,1040,4510000,1040,4200000,1040,0.95
44,ABC Internet,72,69,72,276000,72,250000,72,0.958333333
44,Ecotel,94,90,89,330800,90,299100,94,0.957446809
44,MPVWIFI,1,1,1,3300,1,3000,1,1
44,Bragg,3143,2986,3018,10884800,3018,9826900,3143,0.950047725
44,Elite General,44501,42276,27852,136233000,43706,174099400,44501,0.950001124
44,TELUS,112604,106974,111639,559669000,111642,513942300,112604,0.950001776
44,City West,150,143,149,427400,149,379700,150,0.953333333
44,Tbaytel,35,34,34,99000,34,90000,35,0.971428571
44,Vidéotron,82957,78810,73730,289208100,79170,282037400,82957,0.950010246
44,Sogetel,927,881,681,4771000,881,5039000,927,0.950377562
44,Novus,2110,2005,2110,6971000,2110,6337000,2110,0.950236967
44,Bell,73282,69618,72465,378541700,72465,348422800,73282,0.950001365
45,Huron Tel,84,84,60,1544000,80,1826000,80,1
45,NE&W SPC,1541,1541,1067,15864000,1464,20884000,1464,1
45,Rogers,57219,57219,57114,407306400,57114,380438200,57114,1
45,Indigitel,8,8,8,28000,8,24000,8,1
45,Brooke Telecom,0,0,0,0,0,0,0,1
45,Cooptel,72,72,69,2151000,69,2082000,69,1
45,Kingston Online,0,0,0,0,0,0,0,1
45,NWIC,12,12,12,48000,12,42000,12,1
45,Bruce Telecom,84,84,80,2152000,80,1956000,80,1
45,SaskTel,1040,1040,1040,4635000,1040,4325000,1040,1
45,ABC Internet,72,72,72,276000,72,250000,72,1
45,Ecotel,94,94,89,330800,90,300700,90,1
45,MPVWIFI,1,1,1,3300,1,3000,1,1
45,Bragg,3143,3143,3018,10884800,3018,9826900,3018,1
45,Elite General,44501,44501,27852,136974000,43706,174870400,43706,1
45,TELUS,112604,112604,111653,564867500,111656,519169300,111656,1
45,City West,150,150,150,428500,150,380700,150,1
45,Tbaytel,35,35,34,99000,34,91200,34,1
45,Vidéotron,82957,82957,74290,303191100,79730,296050400,79730,1
45,Sogetel,927,927,921,9518000,921,6106000,921,1
45,Novus,2110,2110,2110,6971000,2110,6337000,2110,1
45,Bell,73282,73282,72874,398709200,72874,368776600,72874,1
46,Huron Tel,80,80,60,1544000,80,1826000,80,1
46,NE&W SPC,1464,1464,1067,15864000,1464,20884000,1464,1
46,Rogers,57114,57114,57039,398898100,57039,370432200,57039,1
46,Indigitel,8,8,8,28000,8,24000,8,1
46,Brooke Telecom,0,0,0,0,0,0,0,1
46,Cooptel,69,69,69,2292000,69,2223000,69,1
46,Kingston Online,0,0,0,0,0,0,0,1
46,NWIC,12,12,12,48000,12,42000,12,1
46,Bruce Telecom,80,80,80,2152000,80,1956000,80,1
46,SaskTel,1040,1040,1040,4775000,1040,4465000,1040,1
46,ABC Internet,72,72,72,276000,72,250000,72,1
46,Ecotel,90,90,89,332800,90,302700,90,1
46,MPVWIFI,1,1,1,3300,1,3000,1,1
46,Bragg,3018,3018,3018,10884800,3018,9826900,3018,1
46,Elite General,43706,43706,27852,137825000,43706,175721400,43706,1
46,TELUS,111656,111656,111648,562113600,111648,515341300,111648,1
46,City West,150,150,150,428500,150,380700,150,1
46,Tbaytel,34,34,34,100500,34,92700,34,1
46,Vidéotron,79730,79730,74290,306064100,79730,298923400,79730,1
46,Sogetel,921,921,921,10129000,921,6346000,921,1
46,Novus,2110,2110,2110,6971000,2110,6337000,2110,1
46,Bell,72874,72874,72736,396524200,72736,366239600,72736,1
47,Huron Tel,80,80,60,1544000,80,1826000,80,1
47,NE&W SPC,1464,1464,1067,15864000,1464,20884000,1464,1
47,Rogers,57039,57039,57038,404033100,57038,374763200,57038,1
47,Indigitel,8,8,8,28000,8,24000,8,1
47,Brooke Telecom,0,0,0,0,0,0,0,1
47,Cooptel,69,69,69,2448000,69,2379000,69,1
47,Kingston Online,0,0,0,0,0,0,0,1
47,NWIC,12,12,12,48000,12,42000,12,1
47,Bruce Telecom,80,80,80,2152000,80,1956000,80,1
47,SaskTel,1040,1040,1040,4930000,1040,4620000,1040,1
47,ABC Internet,72,72,72,276000,72,250000,72,1
47,Ecotel,90,90,88,329400,89,299300,89,1
47,MPVWIFI,1,1,1,3300,1,3000,1,1
47,Bragg,3018,3018,3018,10884800,3018,9826900,3018,1
47,Elite General,43706,43706,27852,138754000,43706,176650400,43706,1
47,TELUS,111648,111648,111648,567418600,111648,520118300,111648,1
47,City West,150,150,150,428500,150,380700,150,1
47,Tbaytel,34,34,34,102000,34,94200,34,1
47,Vidéotron,79730,79730,74290,309217100,79730,302076400,79730,1
47,Sogetel,921,921,921,10799000,921,6610000,921,1
47,Novus,2110,2110,2110,6971000,2110,6337000,2110,1
47,Bell,72736,72736,72716,398674200,72716,368383600,72716,1
48,Huron Tel,80,80,60,1544000,80,1924000,80,1
48,NE&W SPC,1464,1464,1067,15864000,1404,19466000,1404,1
48,Rogers,57038,57038,57038,412594300,57038,381283200,57038,1
48,Indigitel,8,8,8,28000,8,24000,8,1
48,Brooke Telecom,0,0,0,0,0,0,0,1
48,Cooptel,69,69,49,1996000,49,1927000,49,1
48,Kingston Online,0,0,0,0,0,0,0,1
48,NWIC,12,12,12,48000,12,42000,12,1
48,Bruce Telecom,80,80,80,2152000,80,2152000,80,1
48,SaskTel,1040,1040,1040,5100000,1040,4790000,1040,1
48,ABC Internet,72,72,72,276000,72,250000,72,1
48,Ecotel,89,89,88,331200,89,299300,89,1
48,MPVWIFI,1,1,1,3300,1,3000,1,1
48,Bragg,3018,3018,3018,10884800,3018,9826900,3018,1
48,Elite General,43706,43706,27852,139778000,43706,177674400,43706,1
48,TELUS,111648,111648,111648,572666600,111648,525850300,111648,1
48,City West,150,150,150,428500,150,380700,150,1
48,Tbaytel,34,34,34,103800,34,94200,34,1
48,Vidéotron,79730,79730,74290,312679100,79730,305538400,79730,1
48,Sogetel,921,921,921,9534000,921,9155000,921,1
48,Novus,2110,2110,2110,6971000,2110,6337000,2110,1
48,Bell,72716,72716,72673,385875100,72673,355581600,72673,1
49,Huron Tel,80,80,60,1652000,80,2032000,80,1
49,NE&W SPC,1404,1404,1067,15918000,1404,19520000,1404,1
49,Rogers,57038,57038,57031,418659500,57031,387152200,57031,1
49,Indigitel,8,8,8,28000,8,24000,8,1
49,Brooke Telecom,0,0,0,0,0,0,0,1
49,Cooptel,49,49,49,2122000,49,2053000,49,1
49,Kingston Online,0,0,0,0,0,0,0,1
49,NWIC,12,12,12,48000,12,42000,12,1
49,Bruce Telecom,80,80,60,1776000,60,1776000,60,1
49,SaskTel,1040,1040,1040,5285000,1040,4975000,1040,1
49,ABC Internet,72,72,72,276000,72,250000,72,1
49,Ecotel,89,89,88,331200,89,299300,89,1
49,MPVWIFI,1,1,1,3300,1,3000,1,1
49,Bragg,3018,3018,3018,10884800,3018,9826900,3018,1
49,Elite General,43706,43706,27732,138173000,43586,176069400,43586,1
49,TELUS,111648,111648,111648,578977600,111648,532161300,111648,1
49,City West,150,150,150,428500,150,380700,150,1
49,Tbaytel,34,34,34,103800,34,94200,34,1
49,Vidéotron,79730,79730,74290,316493100,79730,309352400,79730,1
49,Sogetel,921,921,921,14830000,921,9702000,921,1
49,Novus,2110,2110,2110,6971000,2110,6337000,2110,1
49,Bell,72673,72673,72673,391508100,72673,360920600,72673,1
50,Huron Tel,80,80,60,1772000,80,2032000,80,1
50,NE&W SPC,1404,1404,1067,15978000,1404,19520000,1404,1
50,Rogers,57031,57031,57031,426232500,57031,393556200,57031,1
50,Indigitel,8,8,8,28000,8,24000,8,1
50,Brooke Telecom,0,0,0,0,0,0,0,1
50,Cooptel,49,49,49,2260000,49,2191000,49,1
50,Kingston Online,0,0,0,0,0,0,0,1
50,NWIC,12,12,12,48000,12,42000,12,1
50,Bruce Telecom,60,60,40,1304000,40,1184000,40,1
50,SaskTel,1040,1040,1040,5490000,1040,5180000,1040,1
50,ABC Internet,72,72,72,276000,72,250000,72,1
50,Ecotel,89,89,88,331200,89,299300,89,1
50,MPVWIFI,1,1,1,3300,1,3000,1,1
50,Bragg,3018,3018,3018,10884800,3018,9826900,3018,1
50,Elite General,43586,43586,27732,139135000,43586,177031400,43586,1
50,TELUS,111648,111648,111648,585929600,111648,538513300,111648,1
50,City West,150,150,150,428500,150,380700,150,1
50,Tbaytel,34,34,34,103800,34,94200,34,1
50,Vidéotron,79730,79730,74290,320691100,79730,313550400,79730,1
50,Sogetel,921,921,881,8633000,881,8254000,881,1
50,Novus,2110,2110,2110,6971000,2110,6337000,2110,1
50,Bell,72673,72673,72673,393337100,72673,361353600,72673,1
51,Huron Tel,80,80,60,1772000,80,2032000,80,1
51,NE&W SPC,1404,1404,1067,15978000,1404,19520000,1404,1
51,Rogers,57031,57031,57023,432300900,57023,399590200,57023,1
51,Indigitel,8,8,8,28000,8,24000,8,1
51,Brooke Telecom,0,0,0,0,0,0,0,1
51,Cooptel,49,49,49,2412000,49,2343000,49,1
51,Kingston Online,0,0,0,0,0,0,0,1
51,NWIC,12,12,12,48000,12,42000,12,1
51,Bruce Telecom,40,40,40,1304000,40,1184000,40,1
51,SaskTel,1040,1040,1040,5715000,1040,5405000,1040,1
51,ABC Internet,72,72,72,276000,72,250000,72,1
51,Ecotel,89,89,88,331200,89,299300,89,1
51,MPVWIFI,1,1,1,3300,1,3000,1,1
51,Bragg,3018,3018,3018,10884800,3018,9826900,3018,1
51,Elite General,43586,43586,27732,140195000,43586,178091400,43586,1
51,TELUS,111648,111648,111648,592907600,111648,545491300,111648,1
51,City West,150,150,150,428500,150,380700,150,1
51,Tbaytel,34,34,34,103800,34,94200,34,1
51,Vidéotron,79730,79730,74290,325300100,79730,318159400,79730,1
51,Sogetel,881,881,881,14970000,881,8707000,881,1
51,Novus,2110,2110,2110,6971000,2110,6337000,2110,1
51,Bell,72673,72673,72673,397861100,72673,365855600,72673,1
52,Huron Tel,80,80,60,1772000,80,2032000,80,1
52,NE&W SPC,1404,1404,1067,15978000,1404,20002000,1404,1
52,Rogers,57023,57023,57023,439910900,57023,407572200,57023,1
52,Indigitel,8,8,8,28000,8,24000,8,1
52,Brooke Telecom,0,0,0,0,0,0,0,1
52,Cooptel,49,49,49,2580000,49,2511000,49,1
52,Kingston Online,0,0,0,0,0,0,0,1
52,NWIC,12,12,12,48000,12,42000,12,1
52,Bruce Telecom,40,40,40,1304000,40,1184000,40,1
52,SaskTel,1040,1040,1040,5965000,1040,5655000,1040,1
52,ABC Internet,72,72,72,276000,72,250000,72,1
52,Ecotel,89,89,88,331200,89,299300,89,1
52,MPVWIFI,1,1,1,3300,1,3000,1,1
52,Bragg,3018,3018,3018,10884800,3018,9826900,3018,1
52,Elite General,43586,43586,27732,141359000,43586,180043400,43586,1
52,TELUS,111648,111648,111647,594447600,111647,549138300,111647,1
52,City West,150,150,150,428500,150,380700,150,1
52,Tbaytel,34,34,34,103800,34,94200,34,1
52,Vidéotron,79730,79730,74290,330010100,79730,323257400,79730,1
52,Sogetel,881,881,861,6011000,861,5632000,861,1
52,Novus,2110,2110,2110,6971000,2110,6337000,2110,1
52,Bell,72673,72673,72673,402819100,72673,372438600,72673,1
53,Huron Tel,80,80,60,1772000,80,2032000,80,1
53,NE&W SPC,1404,1404,1009,13126000,1354,17621000,1354,1
53,Rogers,57023,57023,57023,448689900,57023,416429200,57023,1
53,Indigitel,8,8,8,28000,8,24000,8,1
53,Brooke Telecom,0,0,0,0,0,0,0,1
53,Cooptel,49,49,34,1450000,34,1381000,34,1
53,Kingston Online,0,0,0,0,0,0,0,1
53,NWIC,12,12,12,48000,12,42000,12,1
53,Bruce Telecom,40,40,40,1304000,40,1184000,40,1
53,SaskTel,1040,1040,1040,6240000,1040,5930000,1040,1
53,ABC Internet,72,72,72,276000,72,250000,72,1
53,Ecotel,89,89,88,331200,89,299300,89,1
53,MPVWIFI,1,1,1,3300,1,3000,1,1
53,Bragg,3018,3018,3018,10884800,3018,9826900,3018,1
53,Elite General,43586,43586,27732,141615000,43586,180299400,43586,1
53,TELUS,111647,111647,111607,600674600,111607,555495300,111607,1
53,City West,150,150,150,428500,150,380700,150,1
53,Tbaytel,34,34,34,103800,34,94200,34,1
53,Vidéotron,79730,79730,74290,335978100,79730,329264400,79730,1
53,Sogetel,861,861,861,8325000,861,5834000,861,1
53,Novus,2110,2110,2110,6971000,2110,6337000,2110,1
53,Bell,72673,72673,72673,410057100,72673,379741600,72673,1
54,Huron Tel,80,80,60,1772000,80,2032000,80,1
54,NE&W SPC,1354,1354,1009,13419000,1354,17621000,1354,1
54,Rogers,57023,57023,56973,457815900,56973,421716200,56973,1
54,Indigitel,8,8,8,28000,8,24000,8,1
54,Brooke Telecom,0,0,0,0,0,0,0,1
54,Cooptel,34,34,34,1520000,34,1451000,34,1
54,Kingston Online,0,0,0,0,0,0,0,1
54,NWIC,12,12,12,48000,12,42000,12,1
54,Bruce Telecom,40,40,40,1304000,40,1184000,40,1
54,SaskTel,1040,1040,1040,6540000,1040,6230000,1040,1
54,ABC Internet,72,72,72,276000,72,250000,72,1
54,Ecotel,89,89,88,331200,89,299300,89,1
54,MPVWIFI,1,1,1,3300,1,3000,1,1
54,Bragg,3018,3018,3018,10884800,3018,9826900,3018,1
54,Elite General,43586,43586,27722,143052000,43576,181095400,43576,1
54,TELUS,111607,111607,111607,611602600,111607,561145300,111607,1
54,City West,150,150,150,428500,150,380700,150,1
54,Tbaytel,34,34,34,103800,34,94200,34,1
54,Vidéotron,79730,79730,79730,348640100,79730,320703400,79730,1
54,Sogetel,861,861,861,8829000,861,6058000,861,1
54,Novus,2110,2110,2110,6971000,2110,6337000,2110,1
54,Bell,72673,72673,72673,418091100,72673,384536600,72673,1
55,Huron Tel,80,80,60,1772000,80,2032000,80,1
55,NE&W SPC,1354,1354,1009,13419000,1354,17621000,1354,1
55,Rogers,56973,56973,56945,456025700,56945,419189000,56945,1
55,Indigitel,8,8,8,28000,8,24000,8,1
55,Brooke Telecom,0,0,0,0,0,0,0,1
55,Cooptel,34,34,34,1600000,34,1531000,34,1
55,Kingston Online,0,0,0,0,0,0,0,1
55,NWIC,12,12,12,48000,12,42000,12,1
55,Bruce Telecom,40,40,40,1304000,40,1184000,40,1
55,SaskTel,1040,1040,1040,6870000,1040,6560000,1040,1
55,ABC Internet,72,72,72,276000,72,250000,72,1
55,Ecotel,89,89,88,331200,89,302300,89,1
55,MPVWIFI,1,1,1,3300,1,3000,1,1
55,Bragg,3018,3018,3018,10884800,3018,9826900,3018,1
55,Elite General,43576,43576,27722,144669000,43576,182560400,43576,1
55,TELUS,111607,111607,111607,617822600,111607,566614300,111607,1
55,City West,150,150,150,428500,150,380700,150,1
55,Tbaytel,34,34,34,103800,34,97500,34,1
55,Vidéotron,79730,79730,79510,346817100,79510,318728400,79510,1
55,Sogetel,861,861,561,4344000,761,4625000,761,1
55,Novus,2110,2110,2110,6971000,2110,6337000,2110,1
55,Bell,72673,72673,72673,423376100,72673,389254800,72673,1
56,Huron Tel,80,80,60,1772000,80,2032000,80,1
56,NE&W SPC,1354,1354,1009,13419000,1354,17621000,1354,1
56,Rogers,56945,56945,56945,461463900,56945,423439500,56945,1
56,Indigitel,8,8,8,28000,8,24000,8,1
56,Brooke Telecom,0,0,0,0,0,0,0,1
56,Cooptel,34,34,32,1748000,32,1748000,32,1
56,Kingston Online,0,0,0,0,0,0,0,1
56,NWIC,12,12,12,48000,12,42000,12,1
56,Bruce Telecom,40,40,40,1304000,40,1184000,40,1
56,SaskTel,1040,1040,1040,7235000,1040,6925000,1040,1
56,ABC Internet,72,72,72,276000,72,250000,72,1
56,Ecotel,89,89,88,334600,89,306300,89,1
56,MPVWIFI,1,1,1,3300,1,3000,1,1
56,Bragg,3018,3018,3018,10884800,3018,9826900,3018,1
56,Elite General,43576,43576,27722,146281000,43576,184040400,43576,1
56,TELUS,111607,111607,111607,623827600,111607,572098300,111607,1
56,City West,150,150,150,428500,150,380700,150,1
56,Tbaytel,34,34,34,107600,34,101300,34,1
56,Vidéotron,79510,79510,79510,350731100,79510,322579400,79510,1
56,Sogetel,761,761,761,8141000,761,4749000,761,1
56,Novus,2110,2110,2110,6971000,2110,6337000,2110,1
56,Bell,72673,72673,72673,425241200,72673,390306900,72673,1
57,Huron Tel,80,80,60,1772000,80,2032000,80,1
57,NE&W SPC,1354,1354,1009,13419000,1354,17621000,1354,1
57,Rogers,56945,56945,56945,466146100,56945,428121700,56945,1
57,Indigitel,8,8,8,28000,8,24000,8,1
57,Brooke Telecom,0,0,0,0,0,0,0,1
57,Cooptel,32,32,32,1924000,32,1924000,32,1
57,Kingston Online,0,0,0,0,0,0,0,1
57,NWIC,12,12,12,48000,12,42000,12,1
57,Bruce Telecom,40,40,40,1304000,40,1184000,40,1
57,SaskTel,1040,1040,1040,7635000,1040,7325000,1040,1
57,ABC Internet,72,72,72,276000,72,250000,72,1
57,Ecotel,89,89,86,334100,87,305800,87,1
57,MPVWIFI,1,1,1,3300,1,3000,1,1
57,Bragg,3018,3018,3018,10884800,3018,9826900,3018,1
57,Elite General,43576,43576,27722,147911000,43576,185670400,43576,1
57,TELUS,111607,111607,111607,629875600,111607,578146300,111607,1
57,City West,150,150,150,428500,150,380700,150,1
57,Tbaytel,34,34,34,111700,34,105400,34,1
57,Vidéotron,79510,79510,79510,354977100,79510,326825400,79510,1
57,Sogetel,761,761,753,5791000,753,5448000,753,1
57,Novus,2110,2110,2110,6971000,2110,6337000,2110,1
57,Bell,72673,72673,72673,429719900,72673,394785600,72673,1
58,Huron Tel,80,80,60,1772000,80,2032000,80,1
58,NE&W SPC,1354,1354,1009,13419000,1354,17621000,1354,1
58,Rogers,56945,56945,56937,468898100,56937,430522100,56937,1
58,Indigitel,8,8,8,28000,8,24000,8,1
58,Brooke Telecom,0,0,0,0,0,0,0,1
58,Cooptel,32,32,32,2120000,32,2008000,32,1
58,Kingston Online,0,0,0,0,0,0,0,1
58,NWIC,12,12,12,48000,12,42000,12,1
58,Bruce Telecom,40,40,40,1304000,40,1184000,40,1
58,SaskTel,1040,1040,1040,8075000,1040,7765000,1040,1
58,ABC Internet,72,72,72,276000,72,250000,72,1
58,Ecotel,87,87,85,330900,86,302800,86,1
58,MPVWIFI,1,1,1,3300,1,3000,1,1
58,Bragg,3018,3018,3018,10884800,3018,9826900,3018,1
58,Elite General,43576,43576,27722,149701000,43576,187460400,43576,1
58,TELUS,111607,111607,111547,632818600,111547,580925300,111547,1
58,City West,150,150,150,428500,150,380700,150,1
58,Tbaytel,34,34,34,116600,34,115100,34,1
58,Vidéotron,79510,79510,79470,355782100,79470,327546400,79470,1
58,Sogetel,753,753,753,9830000,753,5658000,753,1
58,Novus,2110,2110,2110,6971000,2110,6337000,2110,1
58,Bell,72673,72673,72673,434644200,72673,399419500,72673,1
59,Huron Tel,80,80,60,1772000,80,2032000,80,1
59,NE&W SPC,1354,1354,1009,13419000,1354,17621000,1354,1
59,Rogers,56937,56937,56937,473931100,56937,434499100,56937,1
59,Indigitel,8,8,8,28000,8,24000,8,1
59,Brooke Telecom,0,0,0,0,0,0,0,1
59,Cooptel,32,32,32,2212000,32,2100000,32,1
59,Kingston Online,0,0,0,0,0,0,0,1
59,NWIC,12,12,12,48000,12,42000,12,1
59,Bruce Telecom,40,40,40,1304000,40,1184000,40,1
59,SaskTel,1040,1040,1040,8560000,1040,8250000,1040,1
59,ABC Internet,72,72,72,276000,72,250000,72,1
59,Ecotel,86,86,84,330500,85,302400,85,1
59,MPVWIFI,1,1,1,3300,1,3000,1,1
59,Bragg,3018,3018,3018,10884800,3018,9826900,3018,1
59,Elite General,43576,43576,27722,151671000,43576,189430400,43576,1
59,TELUS,111547,111547,111527,637450600,111527,584000300,111527,1
59,City West,150,150,150,428500,150,380700,150,1
59,Tbaytel,34,34,34,127400,34,125900,34,1
59,Vidéotron,79470,79470,79110,335976100,79110,307221400,79110,1
59,Sogetel,753,753,728,9258000,728,4638000,728,1
59,Novus,2110,2110,2110,6971000,2110,6337000,2110,1
59,Bell,72673,72673,72673,439737400,72673,403289700,72673,1
60,Huron Tel,80,80,60,1772000,80,2032000,80,1
60,NE&W SPC,1354,1354,1009,13419000,1354,17621000,1354,1
60,Rogers,56937,56937,56937,478305500,56937,438741500,56937,1
60,Indigitel,8,8,8,28000,8,24000,8,1
60,Brooke Telecom,0,0,0,0,0,0,0,1
60,Cooptel,32,32,32,2312000,32,2200000,32,1
60,Kingston Online,0,0,0,0,0,0,0,1
60,NWIC,12,12,12,48000,12,42000,12,1
60,Bruce Telecom,40,40,40,1304000,40,1184000,40,1
60,SaskTel,1040,1040,1040,9090000,1040,8780000,1040,1
60,ABC Internet,72,72,72,276000,72,250000,72,1
60,Ecotel,85,85,84,335100,85,307000,85,1
60,MPVWIFI,1,1,1,3300,1,3000,1,1
60,Bragg,3018,3018,3018,10884800,3018,9826900,3018,1
60,Elite General,43576,43576,27602,144868000,43456,182627400,43456,1
60,TELUS,111527,111527,111467,638474600,111467,584826300,111467,1
60,City West,150,150,150,428500,150,380700,150,1
60,Tbaytel,34,34,34,139500,34,138000,34,1
60,Vidéotron,79110,79110,78910,332655100,78910,303834400,78910,1
60,Sogetel,728,728,728,9879000,728,4763000,728,1
60,Novus,2110,2110,2110,6971000,2110,6337000,2110,1
60,Bell,72673,72673,72673,443994900,72673,407393200,72673,1
61,Huron Tel,80,80,60,1772000,80,2032000,80,1
61,NE&W SPC,1354,1354,1009,13419000,1354,17621000,1354,1
61,Rogers,56937,56937,56937,482977900,56937,443413900,56937,1
61,Indigitel,8,8,8,28000,8,24000,8,1
61,Brooke Telecom,0,0,0,0,0,0,0,1
61,Cooptel,32,32,32,2424000,32,2312000,32,1
61,Kingston Online,0,0,0,0,0,0,0,1
61,NWIC,12,12,12,48000,12,42000,12,1
61,Bruce Telecom,40,40,40,1304000,40,1184000,40,1
61,SaskTel,1040,1040,1040,9675000,1040,9365000,1040,1
61,ABC Internet,72,72,72,276000,72,250000,72,1
61,Ecotel,85,85,84,340300,85,312200,85,1
61,MPVWIFI,1,1,1,3300,1,3000,1,1
61,Bragg,3018,3018,3018,10884800,3018,9826900,3018,1
61,Elite General,43456,43456,27602,146355000,43456,184114400,43456,1
61,TELUS,111467,111467,111462,643569600,111462,589921300,111462,1
61,City West,150,150,150,428500,150,380700,150,1
61,Tbaytel,34,34,34,153000,34,151500,34,1
61,Vidéotron,78910,78910,78910,334349100,78910,305528400,78910,1
61,Sogetel,728,728,728,10563000,728,4903000,728,1
61,Novus,2110,2110,2110,6971000,2110,6337000,2110,1
61,Bell,72673,72673,72673,448515000,72673,411913300,72673,1
62,Huron Tel,80,80,60,1772000,80,2032000,80,1
62,NE&W SPC,1354,1354,1009,13419000,1354,17621000,1354,1
62,Rogers,56937,56937,56937,488127100,56937,448563100,56937,1
62,Indigitel,8,8,8,28000,8,24000,8,1
62,Brooke Telecom,0,0,0,0,0,0,0,1
62,Cooptel,32,32,32,2548000,32,2436000,32,1
62,Kingston Online,0,0,0,0,0,0,0,1
62,NWIC,12,12,12,48000,12,42000,12,1
62,Bruce Telecom,40,40,40,1304000,40,1184000,40,1
62,SaskTel,1040,1040,1040,10320000,1040,10010000,1040,1
62,ABC Internet,72,72,72,276000,72,250000,72,1
62,Ecotel,85,85,84,347500,85,319400,85,1
62,MPVWIFI,1,1,1,3300,1,3000,1,1
62,Bragg,3018,3018,3018,10884800,3018,9826900,3018,1
62,Elite General,43456,43456,27502,146322000,43356,184081400,43356,1
62,TELUS,111462,111462,111462,649491600,111462,595843300,111462,1
62,City West,150,150,150,428500,150,380700,150,1
62,Tbaytel,34,34,34,169700,34,168200,34,1
62,Vidéotron,78910,78910,78910,336216100,78910,307395400,78910,1
62,Sogetel,728,728,568,5727000,718,4390000,718,1
62,Novus,2110,2110,2110,6971000,2110,6337000,2110,1
62,Bell,72673,72673,72673,453496100,72673,416894400,72673,1
63,Huron Tel,80,80,60,1772000,80,2032000,80,1
63,NE&W SPC,1354,1354,1009,13419000,1354,17621000,1354,1
63,Rogers,56937,56937,56902,489951500,56927,450715500,56927,1
63,Indigitel,8,8,8,28000,8,24000,8,1
63,Brooke Telecom,0,0,0,0,0,0,0,1
63,Cooptel,32,32,27,2316000,32,2436000,32,1
63,Kingston Online,0,0,0,0,0,0,0,1
63,NWIC,12,12,12,48000,12,42000,12,1
63,Bruce Telecom,40,40,40,1304000,40,1184000,40,1
63,SaskTel,1040,1040,1040,11030000,1040,10010000,1040,1
63,ABC Internet,72,72,72,276000,72,250000,72,1
63,Ecotel,85,85,84,355100,85,327800,85,1
63,MPVWIFI,1,1,1,3300,1,3000,1,1
63,Bragg,3018,3018,3018,10884800,3018,9826900,3018,1
63,Elite General,43356,43356,27506,148363000,43356,185710400,43356,1
63,TELUS,111462,111462,111402,650029600,111402,595909300,111402,1
63,City West,150,150,150,428500,150,380700,150,1
63,Tbaytel,34,34,34,188000,34,186500,34,1
63,Vidéotron,78910,78910,78815,332598100,78855,304445400,78855,1
63,Sogetel,718,718,568,5994000,718,4390000,718,1
63,Novus,2110,2110,2110,6971000,2110,6337000,2110,1
63,Bell,72673,72673,72673,458970200,72673,421861300,72673,1
64,Huron Tel,80,80,60,1772000,80,2032000,80,1
64,NE&W SPC,1354,1354,1009,13419000,1354,17621000,1354,1
64,Rogers,56927,56927,56927,496148100,56927,451997100,56927,1
64,Indigitel,8,8,8,28000,8,24000,8,1
64,Brooke Telecom,0,0,0,0,0,0,0,1
64,Cooptel,32,32,27,2316000,32,2436000,32,1
64,Kingston Online,0,0,0,0,0,0,0,1
64,NWIC,12,12,12,48000,12,42000,12,1
64,Bruce Telecom,40,40,40,1304000,40,1184000,40,1
64,SaskTel,1040,1040,1040,11030000,1040,10010000,1040,1
64,ABC Internet,72,72,0,0,72,250000,72,1
64,Ecotel,85,85,84,365700,85,338400,85,1
64,MPVWIFI,1,1,1,3300,1,3000,1,1
64,Bragg,3018,3018,3018,10884800,3018,9826900,3018,1
64,Elite General,43356,43356,27506,150154000,43356,185710400,43356,1
64,TELUS,111402,111402,111402,656071600,111402,597772300,111402,1
64,City West,150,150,150,428500,150,380700,150,1
64,Tbaytel,34,34,34,214000,34,212500,34,1
64,Vidéotron,78855,78855,78765,332294100,78805,303544400,78805,1
64,Sogetel,718,718,513,3820000,718,4390000,718,1
64,Novus,2110,2110,2110,6971000,2110,6337000,2110,1
64,Bell,72673,72673,72673,464428100,72673,423140200,72673,1
65,Huron Tel,80,80,60,1772000,80,2032000,80,1
65,NE&W SPC,1354,1354,1009,13419000,1354,17621000,1354,1
65,Rogers,56927,56927,56927,497555900,56927,453404900,56927,1
65,Indigitel,8,8,8,28000,8,24000,8,1
65,Brooke Telecom,0,0,0,0,0,0,0,1
65,Cooptel,32,32,24,2013000,32,2436000,32,1
65,Kingston Online,0,0,0,0,0,0,0,1
65,NWIC,12,12,12,48000,12,42000,12,1
65,Bruce Telecom,40,40,40,1304000,40,1184000,40,1
65,SaskTel,1040,1040,1040,11030000,1040,10010000,1040,1
65,ABC Internet,72,72,72,276000,72,250000,72,1
65,Ecotel,85,85,84,376500,85,349200,85,1
65,MPVWIFI,1,1,1,3300,1,3000,1,1
65,Bragg,3018,3018,3018,10884800,3018,9826900,3018,1
65,Elite General,43356,43356,27506,150154000,43356,185710400,43356,1
65,TELUS,111402,111402,111401,658110200,111401,599810900,111401,1
65,City West,150,150,150,428500,150,380700,150,1
65,Tbaytel,34,34,34,240500,34,239000,34,1
65,Vidéotron,78805,78805,78765,333289100,78805,304539400,78805,1
65,Sogetel,718,718,513,3820000,718,4390000,718,1
65,Novus,2110,2110,2110,6971000,2110,6337000,2110,1
65,Bell,72673,72673,72673,465833300,72673,424545400,72673,1
66,Huron Tel,80,80,60,1772000,80,2032000,80,1
66,NE&W SPC,1354,1354,1009,13419000,1354,17621000,1354,1
66,Rogers,56927,56927,56927,499105300,56927,454953100,56927,1
66,Indigitel,8,8,8,28000,8,24000,8,1
66,Brooke Telecom,0,0,0,0,0,0,0,1
66,Cooptel,32,32,24,2013000,32,2436000,32,1
66,Kingston Online,0,0,0,0,0,0,0,1
66,NWIC,12,12,12,48000,12,42000,12,1
66,Bruce Telecom,40,40,40,1304000,40,1184000,40,1
66,SaskTel,1040,1040,1040,11030000,1040,10010000,1040,1
66,ABC Internet,72,72,72,276000,72,250000,72,1
66,Ecotel,85,85,80,339900,81,311400,81,1
66,MPVWIFI,1,1,1,3300,1,3000,1,1
66,Bragg,3018,3018,3018,10884800,3018,9826900,3018,1
66,Elite General,43356,43356,27506,150154000,43356,185710400,43356,1
66,TELUS,111401,111401,111351,657956600,111351,599651900,111351,1
66,City West,150,150,150,428500,150,380700,150,1
66,Tbaytel,34,34,34,270500,34,269000,34,1
66,Vidéotron,78805,78805,78765,334384100,78805,305634400,78805,1
66,Sogetel,718,718,513,3820000,718,4390000,718,1
66,Novus,2110,2110,2110,6971000,2110,6337000,2110,1
66,Bell,72673,72673,72673,467381300,72673,426089200,72673,1
67,Huron Tel,80,80,60,1772000,80,2032000,N/A,1
67,NE&W SPC,1354,1354,1009,13419000,1354,17621000,N/A,1
67,Rogers,56927,56927,56927,500812300,56927,456660100,N/A,1
67,Indigitel,8,8,8,28000,8,24000,N/A,1
67,Brooke Telecom,0,0,0,0,0,0,N/A,1
67,Cooptel,32,32,24,2013000,32,2436000,N/A,1
67,Kingston Online,0,0,0,0,0,0,N/A,1
67,NWIC,12,12,12,48000,12,42000,N/A,1
67,Bruce Telecom,40,40,40,1304000,40,1184000,N/A,1
67,SaskTel,1040,1040,1040,11030000,1040,10010000,N/A,1
67,ABC Internet,72,72,72,276000,72,250000,N/A,1
67,Ecotel,81,81,80,346900,81,318400,N/A,1
67,MPVWIFI,1,1,1,3300,1,3000,N/A,1
67,Bragg,3018,3018,3018,10884800,3018,9826900,N/A,1
67,Elite General,43356,43356,27506,150154000,43356,185710400,N/A,1
67,TELUS,111351,111351,111347,660139600,111347,601834900,N/A,1
67,City West,150,150,150,428500,150,380700,N/A,1
67,Tbaytel,34,34,34,305500,34,304000,N/A,1
67,Vidéotron,78805,78805,78615,327651100,78655,298901400,N/A,1
67,Sogetel,718,718,713,4467000,718,4390000,N/A,1
67,Novus,2110,2110,2110,6971000,2110,6337000,N/A,1
67,Bell,72673,72673,72673,469083300,72673,427791200,N/A,1
